{"v":"5.5.4","fr":30,"ip":0,"op":24,"w":300,"h":300,"nm":"heart_beat","ddd":0,"assets":[],"layers":[{"ddd":0,"ind":1,"ty":4,"nm":"child6","sr":1,"ks":{"o":{"a":1,"k":[{"i":{"x":[0.833],"y":[0.833]},"o":{"x":[0.167],"y":[0.167]},"t":1,"s":[0]},{"i":{"x":[0.833],"y":[0.833]},"o":{"x":[0.167],"y":[0.167]},"t":7,"s":[40]},{"t":13,"s":[0]}],"ix":11},"r":{"a":0,"k":-51,"ix":10},"p":{"a":1,"k":[{"i":{"x":0.833,"y":0.833},"o":{"x":0.167,"y":0.167},"t":1,"s":[126.5,192,0],"to":[-16.417,-5.25,0],"ti":[22.417,5.25,0]},{"t":13,"s":[28,160.5,0]}],"ix":2},"a":{"a":0,"k":[18.387,16.25,0],"ix":1},"s":{"a":1,"k":[{"i":{"x":[0.833,0.833,0.833],"y":[0.833,0.833,0.833]},"o":{"x":[0.167,0.167,0.167],"y":[0.167,0.167,0.167]},"t":1,"s":[30,30,100]},{"i":{"x":[0.833,0.833,0.833],"y":[0.833,0.833,0.833]},"o":{"x":[0.167,0.167,0.167],"y":[0.167,0.167,0.167]},"t":7,"s":[80,80,100]},{"t":13,"s":[120,120,100]}],"ix":6}},"ao":0,"shapes":[{"ty":"gr","it":[{"ind":0,"ty":"sh","ix":1,"ks":{"a":0,"k":{"i":[[0.599,-0.127],[1.007,-1.51],[3.403,0.718],[0.629,0],[1.74,-1.735],[-0.147,-4.463],[-5.867,-2.468],[-0.128,0],[0,0],[-0.111,0.059],[-0.286,8.69],[1.442,1.438],[2.482,0]],"o":[[-3.404,0.718],[-1.007,-1.51],[-0.599,-0.127],[-2.481,0],[-1.443,1.438],[0.284,8.7],[0.107,0.054],[0,0],[0.001,0],[5.873,-2.48],[0.144,-4.463],[-1.739,-1.735],[-0.629,0]],"v":[[6.514,-15.809],[0.001,-11.142],[-6.513,-15.809],[-8.365,-16],[-15.006,-13.271],[-17.99,-4.719],[-0.999,15.661],[-0.001,16],[0.003,16],[1.005,15.661],[17.993,-4.719],[15.007,-13.271],[8.365,-16]],"c":true},"ix":2},"nm":"path","mn":"ADBE Vector Shape - Group","hd":false},{"ty":"mm","mm":4,"nm":"merge","mn":"ADBE Vector Filter - Merge","hd":false},{"ty":"gf","o":{"a":0,"k":100,"ix":10},"r":1,"bm":0,"g":{"p":3,"k":{"a":0,"k":[0,0.976,0.831,0.71,0.5,0.96,0.561,0.459,1,0.943,0.291,0.208],"ix":9}},"s":{"a":0,"k":[-16.871,-11.932],"ix":5},"e":{"a":0,"k":[12.166,5.932],"ix":6},"t":1,"nm":"gradient","mn":"ADBE Vector Graphic - G-Fill","hd":false},{"ty":"tr","p":{"a":0,"k":[18.387,16.25],"ix":2},"a":{"a":0,"k":[0,0],"ix":1},"s":{"a":0,"k":[100,100],"ix":3},"r":{"a":0,"k":0,"ix":6},"o":{"a":0,"k":100,"ix":7},"sk":{"a":0,"k":0,"ix":4},"sa":{"a":0,"k":0,"ix":5},"nm":"Transform"}],"nm":"group","np":3,"cix":2,"bm":0,"ix":1,"mn":"ADBE Vector Group","hd":false}],"ip":0,"op":180,"st":0,"bm":0},{"ddd":0,"ind":2,"ty":4,"nm":"child5","sr":1,"ks":{"o":{"a":1,"k":[{"i":{"x":[0.833],"y":[0.833]},"o":{"x":[0.167],"y":[0.167]},"t":1,"s":[0]},{"i":{"x":[0.833],"y":[0.833]},"o":{"x":[0.167],"y":[0.167]},"t":7,"s":[50]},{"t":13,"s":[0]}],"ix":11},"r":{"a":0,"k":50,"ix":10},"p":{"a":1,"k":[{"i":{"x":0.833,"y":0.833},"o":{"x":0.167,"y":0.167},"t":1,"s":[144.5,179,0],"to":[24.417,-15.417,0],"ti":[-24.417,15.417,0]},{"t":13,"s":[291,86.5,0]}],"ix":2},"a":{"a":0,"k":[18.387,16.25,0],"ix":1},"s":{"a":1,"k":[{"i":{"x":[0.833,0.833,0.833],"y":[0.833,0.833,0.833]},"o":{"x":[0.167,0.167,0.167],"y":[0.167,0.167,0.167]},"t":1,"s":[40,40,100]},{"i":{"x":[0.833,0.833,0.833],"y":[0.833,0.833,0.833]},"o":{"x":[0.167,0.167,0.167],"y":[0.167,0.167,0.167]},"t":7,"s":[80,80,100]},{"t":13,"s":[100,100,100]}],"ix":6}},"ao":0,"shapes":[{"ty":"gr","it":[{"ind":0,"ty":"sh","ix":1,"ks":{"a":0,"k":{"i":[[0.599,-0.127],[1.007,-1.51],[3.403,0.718],[0.629,0],[1.74,-1.735],[-0.147,-4.463],[-5.867,-2.468],[-0.128,0],[0,0],[-0.111,0.059],[-0.286,8.69],[1.442,1.438],[2.482,0]],"o":[[-3.404,0.718],[-1.007,-1.51],[-0.599,-0.127],[-2.481,0],[-1.443,1.438],[0.284,8.7],[0.107,0.054],[0,0],[0.001,0],[5.873,-2.48],[0.144,-4.463],[-1.739,-1.735],[-0.629,0]],"v":[[6.514,-15.809],[0.001,-11.142],[-6.513,-15.809],[-8.365,-16],[-15.006,-13.271],[-17.99,-4.719],[-0.999,15.661],[-0.001,16],[0.003,16],[1.005,15.661],[17.993,-4.719],[15.007,-13.271],[8.365,-16]],"c":true},"ix":2},"nm":"path","mn":"ADBE Vector Shape - Group","hd":false},{"ty":"mm","mm":4,"nm":"merge","mn":"ADBE Vector Filter - Merge","hd":false},{"ty":"gf","o":{"a":0,"k":100,"ix":10},"r":1,"bm":0,"g":{"p":3,"k":{"a":0,"k":[0,0.976,0.831,0.71,0.5,0.96,0.561,0.459,1,0.943,0.291,0.208],"ix":9}},"s":{"a":0,"k":[-16.871,-11.932],"ix":5},"e":{"a":0,"k":[12.166,5.932],"ix":6},"t":1,"nm":"gradient","mn":"ADBE Vector Graphic - G-Fill","hd":false},{"ty":"tr","p":{"a":0,"k":[18.387,16.25],"ix":2},"a":{"a":0,"k":[0,0],"ix":1},"s":{"a":0,"k":[100,100],"ix":3},"r":{"a":0,"k":0,"ix":6},"o":{"a":0,"k":100,"ix":7},"sk":{"a":0,"k":0,"ix":4},"sa":{"a":0,"k":0,"ix":5},"nm":"Transform"}],"nm":"group","np":3,"cix":2,"bm":0,"ix":1,"mn":"ADBE Vector Group","hd":false}],"ip":0,"op":180,"st":0,"bm":0},{"ddd":0,"ind":3,"ty":4,"nm":"child4","sr":1,"ks":{"o":{"a":1,"k":[{"i":{"x":[0.833],"y":[0.833]},"o":{"x":[0.167],"y":[0.167]},"t":1,"s":[0]},{"i":{"x":[0.833],"y":[0.833]},"o":{"x":[0.167],"y":[0.167]},"t":7,"s":[40]},{"t":13,"s":[0]}],"ix":11},"r":{"a":0,"k":-28,"ix":10},"p":{"a":1,"k":[{"i":{"x":0.833,"y":0.833},"o":{"x":0.167,"y":0.167},"t":1,"s":[131.5,177,0],"to":[-14.25,-18.083,0],"ti":[14.25,18.083,0]},{"t":13,"s":[46,68.5,0]}],"ix":2},"a":{"a":0,"k":[18.387,16.25,0],"ix":1},"s":{"a":1,"k":[{"i":{"x":[0.833,0.833,0.833],"y":[0.833,0.833,0.833]},"o":{"x":[0.167,0.167,0.167],"y":[0.167,0.167,0.167]},"t":1,"s":[30,30,100]},{"i":{"x":[0.833,0.833,0.833],"y":[0.833,0.833,0.833]},"o":{"x":[0.167,0.167,0.167],"y":[0.167,0.167,0.167]},"t":7,"s":[80,80,100]},{"t":13,"s":[120,120,100]}],"ix":6}},"ao":0,"shapes":[{"ty":"gr","it":[{"ind":0,"ty":"sh","ix":1,"ks":{"a":0,"k":{"i":[[0.599,-0.127],[1.007,-1.51],[3.403,0.718],[0.629,0],[1.74,-1.735],[-0.147,-4.463],[-5.867,-2.468],[-0.128,0],[0,0],[-0.111,0.059],[-0.286,8.69],[1.442,1.438],[2.482,0]],"o":[[-3.404,0.718],[-1.007,-1.51],[-0.599,-0.127],[-2.481,0],[-1.443,1.438],[0.284,8.7],[0.107,0.054],[0,0],[0.001,0],[5.873,-2.48],[0.144,-4.463],[-1.739,-1.735],[-0.629,0]],"v":[[6.514,-15.809],[0.001,-11.142],[-6.513,-15.809],[-8.365,-16],[-15.006,-13.271],[-17.99,-4.719],[-0.999,15.661],[-0.001,16],[0.003,16],[1.005,15.661],[17.993,-4.719],[15.007,-13.271],[8.365,-16]],"c":true},"ix":2},"nm":"path","mn":"ADBE Vector Shape - Group","hd":false},{"ty":"mm","mm":4,"nm":"merge","mn":"ADBE Vector Filter - Merge","hd":false},{"ty":"gf","o":{"a":0,"k":100,"ix":10},"r":1,"bm":0,"g":{"p":3,"k":{"a":0,"k":[0,0.976,0.831,0.71,0.5,0.96,0.561,0.459,1,0.943,0.291,0.208],"ix":9}},"s":{"a":0,"k":[-16.871,-11.932],"ix":5},"e":{"a":0,"k":[12.166,5.932],"ix":6},"t":1,"nm":"gradient","mn":"ADBE Vector Graphic - G-Fill","hd":false},{"ty":"tr","p":{"a":0,"k":[18.387,16.25],"ix":2},"a":{"a":0,"k":[0,0],"ix":1},"s":{"a":0,"k":[100,100],"ix":3},"r":{"a":0,"k":0,"ix":6},"o":{"a":0,"k":100,"ix":7},"sk":{"a":0,"k":0,"ix":4},"sa":{"a":0,"k":0,"ix":5},"nm":"Transform"}],"nm":"group","np":3,"cix":2,"bm":0,"ix":1,"mn":"ADBE Vector Group","hd":false}],"ip":0,"op":180,"st":0,"bm":0},{"ddd":0,"ind":4,"ty":4,"nm":"child3","sr":1,"ks":{"o":{"a":1,"k":[{"i":{"x":[0.833],"y":[0.833]},"o":{"x":[0.167],"y":[0.167]},"t":1,"s":[0]},{"i":{"x":[0.833],"y":[0.833]},"o":{"x":[0.167],"y":[0.167]},"t":7,"s":[40]},{"t":13,"s":[0]}],"ix":11},"r":{"a":0,"k":18,"ix":10},"p":{"a":1,"k":[{"i":{"x":0.833,"y":0.833},"o":{"x":0.167,"y":0.167},"t":1,"s":[140.5,171,0],"to":[9.417,-18.917,0],"ti":[-9.417,18.917,0]},{"t":13,"s":[197,57.5,0]}],"ix":2},"a":{"a":0,"k":[18.387,16.25,0],"ix":1},"s":{"a":1,"k":[{"i":{"x":[0.833,0.833,0.833],"y":[0.833,0.833,0.833]},"o":{"x":[0.167,0.167,0.167],"y":[0.167,0.167,0.167]},"t":1,"s":[20,20,100]},{"i":{"x":[0.833,0.833,0.833],"y":[0.833,0.833,0.833]},"o":{"x":[0.167,0.167,0.167],"y":[0.167,0.167,0.167]},"t":7,"s":[80,80,100]},{"t":13,"s":[140,140,100]}],"ix":6}},"ao":0,"shapes":[{"ty":"gr","it":[{"ind":0,"ty":"sh","ix":1,"ks":{"a":0,"k":{"i":[[0.599,-0.127],[1.007,-1.51],[3.403,0.718],[0.629,0],[1.74,-1.735],[-0.147,-4.463],[-5.867,-2.468],[-0.128,0],[0,0],[-0.111,0.059],[-0.286,8.69],[1.442,1.438],[2.482,0]],"o":[[-3.404,0.718],[-1.007,-1.51],[-0.599,-0.127],[-2.481,0],[-1.443,1.438],[0.284,8.7],[0.107,0.054],[0,0],[0.001,0],[5.873,-2.48],[0.144,-4.463],[-1.739,-1.735],[-0.629,0]],"v":[[6.514,-15.809],[0.001,-11.142],[-6.513,-15.809],[-8.365,-16],[-15.006,-13.271],[-17.99,-4.719],[-0.999,15.661],[-0.001,16],[0.003,16],[1.005,15.661],[17.993,-4.719],[15.007,-13.271],[8.365,-16]],"c":true},"ix":2},"nm":"path","mn":"ADBE Vector Shape - Group","hd":false},{"ty":"mm","mm":4,"nm":"merge","mn":"ADBE Vector Filter - Merge","hd":false},{"ty":"gf","o":{"a":0,"k":100,"ix":10},"r":1,"bm":0,"g":{"p":3,"k":{"a":0,"k":[0,0.976,0.831,0.71,0.5,0.96,0.561,0.459,1,0.943,0.291,0.208],"ix":9}},"s":{"a":0,"k":[-16.871,-11.932],"ix":5},"e":{"a":0,"k":[12.166,5.932],"ix":6},"t":1,"nm":"gradient","mn":"ADBE Vector Graphic - G-Fill","hd":false},{"ty":"tr","p":{"a":0,"k":[18.387,16.25],"ix":2},"a":{"a":0,"k":[0,0],"ix":1},"s":{"a":0,"k":[100,100],"ix":3},"r":{"a":0,"k":0,"ix":6},"o":{"a":0,"k":100,"ix":7},"sk":{"a":0,"k":0,"ix":4},"sa":{"a":0,"k":0,"ix":5},"nm":"Transform"}],"nm":"group","np":3,"cix":2,"bm":0,"ix":1,"mn":"ADBE Vector Group","hd":false}],"ip":0,"op":180,"st":0,"bm":0},{"ddd":0,"ind":5,"ty":4,"nm":"child2","sr":1,"ks":{"o":{"a":1,"k":[{"i":{"x":[0.833],"y":[0.833]},"o":{"x":[0.167],"y":[0.167]},"t":1,"s":[0]},{"i":{"x":[0.833],"y":[0.833]},"o":{"x":[0.167],"y":[0.167]},"t":7,"s":[30]},{"t":13,"s":[0]}],"ix":11},"r":{"a":0,"k":-9,"ix":10},"p":{"a":1,"k":[{"i":{"x":0.833,"y":0.833},"o":{"x":0.167,"y":0.167},"t":1,"s":[130.5,172,0],"to":[-5.583,-25.583,0],"ti":[5.583,25.583,0]},{"t":13,"s":[97,18.5,0]}],"ix":2},"a":{"a":0,"k":[18.387,16.25,0],"ix":1},"s":{"a":1,"k":[{"i":{"x":[0.833,0.833,0.833],"y":[0.833,0.833,0.833]},"o":{"x":[0.167,0.167,0.167],"y":[0.167,0.167,0.167]},"t":1,"s":[30,30,100]},{"i":{"x":[0.833,0.833,0.833],"y":[0.833,0.833,0.833]},"o":{"x":[0.167,0.167,0.167],"y":[0.167,0.167,0.167]},"t":7,"s":[100,100,100]},{"t":13,"s":[120,120,100]}],"ix":6}},"ao":0,"shapes":[{"ty":"gr","it":[{"ind":0,"ty":"sh","ix":1,"ks":{"a":0,"k":{"i":[[0.599,-0.127],[1.007,-1.51],[3.403,0.718],[0.629,0],[1.74,-1.735],[-0.147,-4.463],[-5.867,-2.468],[-0.128,0],[0,0],[-0.111,0.059],[-0.286,8.69],[1.442,1.438],[2.482,0]],"o":[[-3.404,0.718],[-1.007,-1.51],[-0.599,-0.127],[-2.481,0],[-1.443,1.438],[0.284,8.7],[0.107,0.054],[0,0],[0.001,0],[5.873,-2.48],[0.144,-4.463],[-1.739,-1.735],[-0.629,0]],"v":[[6.514,-15.809],[0.001,-11.142],[-6.513,-15.809],[-8.365,-16],[-15.006,-13.271],[-17.99,-4.719],[-0.999,15.661],[-0.001,16],[0.003,16],[1.005,15.661],[17.993,-4.719],[15.007,-13.271],[8.365,-16]],"c":true},"ix":2},"nm":"path","mn":"ADBE Vector Shape - Group","hd":false},{"ty":"mm","mm":4,"nm":"merge","mn":"ADBE Vector Filter - Merge","hd":false},{"ty":"gf","o":{"a":0,"k":100,"ix":10},"r":1,"bm":0,"g":{"p":3,"k":{"a":0,"k":[0,0.976,0.831,0.71,0.5,0.96,0.561,0.459,1,0.943,0.291,0.208],"ix":9}},"s":{"a":0,"k":[-16.871,-11.932],"ix":5},"e":{"a":0,"k":[12.166,5.932],"ix":6},"t":1,"nm":"gradient","mn":"ADBE Vector Graphic - G-Fill","hd":false},{"ty":"tr","p":{"a":0,"k":[18.387,16.25],"ix":2},"a":{"a":0,"k":[0,0],"ix":1},"s":{"a":0,"k":[100,100],"ix":3},"r":{"a":0,"k":0,"ix":6},"o":{"a":0,"k":100,"ix":7},"sk":{"a":0,"k":0,"ix":4},"sa":{"a":0,"k":0,"ix":5},"nm":"Transform"}],"nm":"group","np":3,"cix":2,"bm":0,"ix":1,"mn":"ADBE Vector Group","hd":false}],"ip":0,"op":180,"st":0,"bm":0},{"ddd":0,"ind":6,"ty":4,"nm":"child1","sr":1,"ks":{"o":{"a":1,"k":[{"i":{"x":[0.833],"y":[0.833]},"o":{"x":[0.167],"y":[0.167]},"t":1,"s":[0]},{"i":{"x":[0.833],"y":[0.833]},"o":{"x":[0.167],"y":[0.167]},"t":7,"s":[30]},{"t":13,"s":[0]}],"ix":11},"r":{"a":0,"k":70,"ix":10},"p":{"a":1,"k":[{"i":{"x":0.833,"y":0.833},"o":{"x":0.167,"y":0.167},"t":1,"s":[134.5,179,0],"to":[21.917,-3.583,0],"ti":[-21.917,3.583,0]},{"t":13,"s":[266,157.5,0]}],"ix":2},"a":{"a":0,"k":[18.387,16.25,0],"ix":1},"s":{"a":1,"k":[{"i":{"x":[0.833,0.833,0.833],"y":[0.833,0.833,0.833]},"o":{"x":[0.167,0.167,0.167],"y":[0.167,0.167,0.167]},"t":1,"s":[10,10,100]},{"i":{"x":[0.833,0.833,0.833],"y":[0.833,0.833,0.833]},"o":{"x":[0.167,0.167,0.167],"y":[0.167,0.167,0.167]},"t":7,"s":[100,100,100]},{"t":13,"s":[120,120,100]}],"ix":6}},"ao":0,"shapes":[{"ty":"gr","it":[{"ind":0,"ty":"sh","ix":1,"ks":{"a":0,"k":{"i":[[0.599,-0.127],[1.007,-1.51],[3.403,0.718],[0.629,0],[1.74,-1.735],[-0.147,-4.463],[-5.867,-2.468],[-0.128,0],[0,0],[-0.111,0.059],[-0.286,8.69],[1.442,1.438],[2.482,0]],"o":[[-3.404,0.718],[-1.007,-1.51],[-0.599,-0.127],[-2.481,0],[-1.443,1.438],[0.284,8.7],[0.107,0.054],[0,0],[0.001,0],[5.873,-2.48],[0.144,-4.463],[-1.739,-1.735],[-0.629,0]],"v":[[6.514,-15.809],[0.001,-11.142],[-6.513,-15.809],[-8.365,-16],[-15.006,-13.271],[-17.99,-4.719],[-0.999,15.661],[-0.001,16],[0.003,16],[1.005,15.661],[17.993,-4.719],[15.007,-13.271],[8.365,-16]],"c":true},"ix":2},"nm":"path","mn":"ADBE Vector Shape - Group","hd":false},{"ty":"mm","mm":4,"nm":"merge","mn":"ADBE Vector Filter - Merge","hd":false},{"ty":"gf","o":{"a":0,"k":100,"ix":10},"r":1,"bm":0,"g":{"p":3,"k":{"a":0,"k":[0,0.976,0.831,0.71,0.5,0.96,0.561,0.459,1,0.943,0.291,0.208],"ix":9}},"s":{"a":0,"k":[-16.871,-11.932],"ix":5},"e":{"a":0,"k":[12.166,5.932],"ix":6},"t":1,"nm":"gradient","mn":"ADBE Vector Graphic - G-Fill","hd":false},{"ty":"tr","p":{"a":0,"k":[18.387,16.25],"ix":2},"a":{"a":0,"k":[0,0],"ix":1},"s":{"a":0,"k":[100,100],"ix":3},"r":{"a":0,"k":0,"ix":6},"o":{"a":0,"k":100,"ix":7},"sk":{"a":0,"k":0,"ix":4},"sa":{"a":0,"k":0,"ix":5},"nm":"Transform"}],"nm":"group","np":3,"cix":2,"bm":0,"ix":1,"mn":"ADBE Vector Group","hd":false}],"ip":0,"op":180,"st":0,"bm":0},{"ddd":0,"ind":7,"ty":4,"nm":"heart","sr":1,"ks":{"o":{"a":1,"k":[{"i":{"x":[0.833],"y":[0.833]},"o":{"x":[0.167],"y":[0.167]},"t":0,"s":[100]},{"t":8,"s":[0]}],"ix":11},"r":{"a":0,"k":0,"ix":10},"p":{"a":0,"k":[150,162,0],"ix":2},"a":{"a":0,"k":[18.387,16.25,0],"ix":1},"s":{"a":1,"k":[{"i":{"x":[0.833,0.833,0.833],"y":[0.833,0.833,0.833]},"o":{"x":[0.167,0.167,0.167],"y":[0.167,0.167,0.167]},"t":1,"s":[200,200,100]},{"t":9,"s":[650,650,100]}],"ix":6}},"ao":0,"shapes":[{"ty":"gr","it":[{"ind":0,"ty":"sh","ix":1,"ks":{"a":0,"k":{"i":[[-0.28,-0.477],[-1.074,0],[-0.531,0.922],[0.479,0.276],[0.275,-0.479],[0.363,0],[0.179,0.305],[0.476,-0.28]],"o":[[0.535,0.908],[1.085,0],[0.276,-0.479],[-0.478,-0.276],[-0.178,0.309],[-0.359,0],[-0.28,-0.475],[-0.476,0.28]],"v":[[-2.592,0.094],[-0.006,1.574],[2.596,0.068],[2.227,-1.298],[0.863,-0.93],[-0.006,-0.426],[-0.868,-0.921],[-2.238,-1.275]],"c":true},"ix":2},"nm":"path","mn":"ADBE Vector Shape - Group","hd":false},{"ty":"fl","c":{"a":0,"k":[0.936999990426,0.270999983245,0.270999983245,1],"ix":4},"o":{"a":0,"k":100,"ix":5},"r":1,"bm":0,"nm":"fill","mn":"ADBE Vector Graphic - Fill","hd":false},{"ty":"tr","p":{"a":0,"k":[18.393,18.677],"ix":2},"a":{"a":0,"k":[0,0],"ix":1},"s":{"a":0,"k":[100,100],"ix":3},"r":{"a":0,"k":0,"ix":6},"o":{"a":0,"k":100,"ix":7},"sk":{"a":0,"k":0,"ix":4},"sa":{"a":0,"k":0,"ix":5},"nm":"Transform"}],"nm":"group","np":2,"cix":2,"bm":0,"ix":1,"mn":"ADBE Vector Group","hd":false},{"ty":"gr","it":[{"ind":0,"ty":"sh","ix":1,"ks":{"a":0,"k":{"i":[[-1.381,0],[0,1.381],[1.381,0],[0,-1.381]],"o":[[1.381,0],[0,-1.381],[-1.381,0],[0,1.381]],"v":[[0,2.5],[2.5,0],[0,-2.5],[-2.5,0]],"c":true},"ix":2},"nm":"path","mn":"ADBE Vector Shape - Group","hd":false},{"ty":"fl","c":{"a":0,"k":[0.936999990426,0.270999983245,0.270999983245,1],"ix":4},"o":{"a":0,"k":100,"ix":5},"r":1,"bm":0,"nm":"fill","mn":"ADBE Vector Graphic - Fill","hd":false},{"ty":"tr","p":{"a":0,"k":[24.888,13.75],"ix":2},"a":{"a":0,"k":[0,0],"ix":1},"s":{"a":0,"k":[100,100],"ix":3},"r":{"a":0,"k":0,"ix":6},"o":{"a":0,"k":100,"ix":7},"sk":{"a":0,"k":0,"ix":4},"sa":{"a":0,"k":0,"ix":5},"nm":"Transform"}],"nm":"group2","np":2,"cix":2,"bm":0,"ix":2,"mn":"ADBE Vector Group","hd":false},{"ty":"gr","it":[{"ind":0,"ty":"sh","ix":1,"ks":{"a":0,"k":{"i":[[-1.38,0],[0,1.381],[1.381,0],[0,-1.381]],"o":[[1.381,0],[0,-1.381],[-1.38,0],[0,1.381]],"v":[[0,2.5],[2.5,0],[0,-2.5],[-2.5,0]],"c":true},"ix":2},"nm":"path","mn":"ADBE Vector Shape - Group","hd":false},{"ty":"fl","c":{"a":0,"k":[0.936999990426,0.270999983245,0.270999983245,1],"ix":4},"o":{"a":0,"k":100,"ix":5},"r":1,"bm":0,"nm":"fill","mn":"ADBE Vector Graphic - Fill","hd":false},{"ty":"tr","p":{"a":0,"k":[11.887,13.75],"ix":2},"a":{"a":0,"k":[0,0],"ix":1},"s":{"a":0,"k":[100,100],"ix":3},"r":{"a":0,"k":0,"ix":6},"o":{"a":0,"k":100,"ix":7},"sk":{"a":0,"k":0,"ix":4},"sa":{"a":0,"k":0,"ix":5},"nm":"Transform"}],"nm":"group3","np":2,"cix":2,"bm":0,"ix":3,"mn":"ADBE Vector Group","hd":false},{"ty":"gr","it":[{"ind":0,"ty":"sh","ix":1,"ks":{"a":0,"k":{"i":[[0.599,-0.127],[1.007,-1.51],[3.403,0.718],[0.629,0],[1.74,-1.735],[-0.147,-4.463],[-5.867,-2.468],[-0.128,0],[0,0],[-0.111,0.059],[-0.286,8.69],[1.442,1.438],[2.482,0]],"o":[[-3.404,0.718],[-1.007,-1.51],[-0.599,-0.127],[-2.481,0],[-1.443,1.438],[0.284,8.7],[0.107,0.054],[0,0],[0.001,0],[5.873,-2.48],[0.144,-4.463],[-1.739,-1.735],[-0.629,0]],"v":[[6.514,-15.809],[0.001,-11.142],[-6.513,-15.809],[-8.365,-16],[-15.006,-13.271],[-17.99,-4.719],[-0.999,15.661],[-0.001,16],[0.003,16],[1.005,15.661],[17.993,-4.719],[15.007,-13.271],[8.365,-16]],"c":true},"ix":2},"nm":"path","mn":"ADBE Vector Shape - Group","hd":false},{"ty":"mm","mm":4,"nm":"merge","mn":"ADBE Vector Filter - Merge","hd":false},{"ty":"gf","o":{"a":0,"k":100,"ix":10},"r":1,"bm":0,"g":{"p":3,"k":{"a":0,"k":[0,0.976,0.831,0.71,0.5,0.96,0.561,0.459,1,0.943,0.291,0.208],"ix":9}},"s":{"a":0,"k":[-16.871,-11.932],"ix":5},"e":{"a":0,"k":[12.166,5.932],"ix":6},"t":1,"nm":"gradient ","mn":"ADBE Vector Graphic - G-Fill","hd":false},{"ty":"tr","p":{"a":0,"k":[18.387,16.25],"ix":2},"a":{"a":0,"k":[0,0],"ix":1},"s":{"a":0,"k":[100,100],"ix":3},"r":{"a":0,"k":0,"ix":6},"o":{"a":0,"k":100,"ix":7},"sk":{"a":0,"k":0,"ix":4},"sa":{"a":0,"k":0,"ix":5},"nm":"Transform"}],"nm":"group4","np":3,"cix":2,"bm":0,"ix":4,"mn":"ADBE Vector Group","hd":false}],"ip":0,"op":180,"st":0,"bm":0}],"markers":[]}