{"v":"5.4.3","fr":60,"ip":0,"op":118,"w":212,"h":84,"nm":"jellow","ddd":0,"assets":[],"layers":[{"ddd":0,"ind":1,"ty":4,"nm":"J 3","sr":1,"ks":{"o":{"a":0,"k":100,"ix":11},"r":{"a":0,"k":0,"ix":10},"p":{"a":0,"k":[38.077,44.087,0],"ix":2},"a":{"a":0,"k":[29.827,34.307,0],"ix":1},"s":{"a":0,"k":[100,100,100],"ix":6}},"ao":0,"shapes":[{"ty":"gr","it":[{"ty":"st","c":{"a":0,"k":[1,1,1,1],"ix":3},"o":{"a":0,"k":100,"ix":4},"w":{"a":0,"k":9,"ix":5},"lc":1,"lj":1,"ml":4,"ml2":{"a":0,"k":4,"ix":8},"bm":0,"nm":"Stroke 1","mn":"ADBE Vector Graphic - Stroke","hd":false},{"ty":"fl","c":{"a":0,"k":[1,1,1,1],"ix":4},"o":{"a":0,"k":100,"ix":5},"r":1,"bm":0,"nm":"Fill 1","mn":"ADBE Vector Graphic - Fill","hd":false},{"ty":"tr","p":{"a":0,"k":[0,0],"ix":2},"a":{"a":0,"k":[0,0],"ix":1},"s":{"a":0,"k":[100,100],"ix":3},"r":{"a":0,"k":0,"ix":6},"o":{"a":0,"k":100,"ix":7},"sk":{"a":0,"k":0,"ix":4},"sa":{"a":0,"k":0,"ix":5},"nm":"Transform"}],"nm":"Shape 2","np":2,"cix":2,"bm":0,"ix":1,"mn":"ADBE Vector Group","hd":false},{"ty":"gr","it":[{"ty":"st","c":{"a":0,"k":[1,1,1,1],"ix":3},"o":{"a":0,"k":100,"ix":4},"w":{"a":0,"k":9,"ix":5},"lc":1,"lj":1,"ml":4,"ml2":{"a":0,"k":4,"ix":8},"bm":0,"nm":"Stroke 1","mn":"ADBE Vector Graphic - Stroke","hd":false},{"ty":"fl","c":{"a":0,"k":[1,1,1,1],"ix":4},"o":{"a":0,"k":100,"ix":5},"r":1,"bm":0,"nm":"Fill 1","mn":"ADBE Vector Graphic - Fill","hd":false},{"ty":"tr","p":{"a":0,"k":[0,0],"ix":2},"a":{"a":0,"k":[0,0],"ix":1},"s":{"a":0,"k":[100,100],"ix":3},"r":{"a":0,"k":0,"ix":6},"o":{"a":0,"k":100,"ix":7},"sk":{"a":0,"k":0,"ix":4},"sa":{"a":0,"k":0,"ix":5},"nm":"Transform"}],"nm":"Shape 1","np":2,"cix":2,"bm":0,"ix":2,"mn":"ADBE Vector Group","hd":false},{"ty":"gr","it":[{"ind":0,"ty":"sh","ix":1,"ks":{"a":0,"k":{"i":[[-1.851,3.628],[4.516,1.999],[-4.59,0]],"o":[[-4.664,-0.147],[1.406,5.7],[3.184,0]],"v":[[0.482,18.878],[-16.917,15.104],[-7.07,24.654]],"c":true},"ix":2},"nm":"Path 1","mn":"ADBE Vector Shape - Group","hd":false},{"ind":1,"ty":"sh","ix":2,"ks":{"a":0,"k":{"i":[[0.962,-6.367],[0.815,0],[0,4.368],[-12.734,0],[0,-7.995],[3.404,-8.662],[-3.406,5.331],[0,-1.48],[10.439,-4.221],[9.477,0],[0,10.144],[-4.591,0],[0,-2.37],[-4.59,-0.296],[0,5.775],[0.962,0]],"o":[[-0.962,0.371],[-3.406,0],[0,-8.588],[6.959,0],[0,8.07],[4.071,-1.999],[1.407,0],[0,4.147],[-5.257,10.216],[-12.215,0],[0,-8.365],[2.295,0],[5.331,2.369],[3.702,-9.698],[0,-1.48],[-4.516,0]],"v":[[-1.444,-3.702],[-4.109,-3.184],[-9.587,-10.439],[13.067,-34.057],[23.21,-22.286],[15.807,11.18],[26.912,0.74],[29.577,3.109],[12.697,19.102],[-8.995,34.057],[-29.577,15.325],[-20.396,3.553],[-17.066,7.773],[2.776,12.882],[10.106,-20.139],[8.847,-22.581]],"c":true},"ix":2},"nm":"Path 2","mn":"ADBE Vector Shape - Group","hd":false},{"ty":"mm","mm":1,"nm":"Merge Paths 1","mn":"ADBE Vector Filter - Merge","hd":false},{"ty":"fl","c":{"a":0,"k":[1,1,1,1],"ix":4},"o":{"a":0,"k":100,"ix":5},"r":1,"bm":0,"nm":"Fill 1","mn":"ADBE Vector Graphic - Fill","hd":false},{"ty":"tr","p":{"a":0,"k":[29.827,34.307],"ix":2},"a":{"a":0,"k":[0,0],"ix":1},"s":{"a":0,"k":[100,100],"ix":3},"r":{"a":0,"k":0,"ix":6},"o":{"a":0,"k":100,"ix":7},"sk":{"a":0,"k":0,"ix":4},"sa":{"a":0,"k":0,"ix":5},"nm":"Transform"}],"nm":"Group 1","np":4,"cix":2,"bm":0,"ix":3,"mn":"ADBE Vector Group","hd":false}],"ip":33,"op":3633,"st":33,"bm":0},{"ddd":0,"ind":2,"ty":4,"nm":"e 3","sr":1,"ks":{"o":{"a":0,"k":100,"ix":11},"r":{"a":0,"k":0,"ix":10},"p":{"a":0,"k":[78.313,46.604,0],"ix":2},"a":{"a":0,"k":[16.538,17.797,0],"ix":1},"s":{"a":0,"k":[100,100,100],"ix":6}},"ao":0,"shapes":[{"ty":"gr","it":[{"ind":0,"ty":"sh","ix":1,"ks":{"a":0,"k":{"i":[[0.889,0],[0.519,-5.183],[0,2.221]],"o":[[-1.036,0],[4.147,-0.741],[0,-1.555]],"v":[[-1.851,-9.773],[-5.405,-2.072],[-0.37,-7.329]],"c":true},"ix":2},"nm":"Path 1","mn":"ADBE Vector Shape - Group","hd":false},{"ind":1,"ty":"sh","ix":2,"ks":{"a":0,"k":{"i":[[0,7.996],[-7.181,0],[0,-5.183],[10.143,-2.295],[-2.887,0],[-4.22,6.442],[0,-1.185],[9.624,0]],"o":[[0,-11.179],[5.109,0],[0,6.219],[0,3.332],[5.035,0],[1.778,0.075],[0,5.478],[-7.254,0]],"v":[[-16.288,5.035],[0,-17.546],[7.921,-9.921],[-5.848,3.406],[-2.295,8.589],[13.474,-2.148],[16.288,0.296],[-5.701,17.546]],"c":true},"ix":2},"nm":"Path 2","mn":"ADBE Vector Shape - Group","hd":false},{"ty":"mm","mm":1,"nm":"Merge Paths 1","mn":"ADBE Vector Filter - Merge","hd":false},{"ty":"fl","c":{"a":0,"k":[1,1,1,1],"ix":4},"o":{"a":0,"k":100,"ix":5},"r":1,"bm":0,"nm":"Fill 1","mn":"ADBE Vector Graphic - Fill","hd":false},{"ty":"tr","p":{"a":0,"k":[16.538,17.797],"ix":2},"a":{"a":0,"k":[0,0],"ix":1},"s":{"a":0,"k":[100,100],"ix":3},"r":{"a":0,"k":0,"ix":6},"o":{"a":0,"k":100,"ix":7},"sk":{"a":0,"k":0,"ix":4},"sa":{"a":0,"k":0,"ix":5},"nm":"Transform"}],"nm":"Group 1","np":4,"cix":2,"bm":0,"ix":1,"mn":"ADBE Vector Group","hd":false}],"ip":41,"op":3641,"st":41,"bm":0},{"ddd":0,"ind":3,"ty":4,"nm":"ll 3","sr":1,"ks":{"o":{"a":0,"k":100,"ix":11},"r":{"a":0,"k":0,"ix":10},"p":{"a":0,"k":[111.554,35.721,0],"ix":2},"a":{"a":0,"k":[23.72,29.939,0],"ix":1},"s":{"a":0,"k":[100,100,100],"ix":6}},"ao":0,"shapes":[{"ty":"gr","it":[{"ind":0,"ty":"sh","ix":1,"ks":{"a":0,"k":{"i":[[0,2.813],[1.555,0],[0.445,-3.924],[0,0]],"o":[[0,-1.999],[-0.814,0],[-0.296,2.739],[3.923,-5.182]],"v":[[15.548,-16.954],[13.03,-21.544],[11.327,-17.251],[9.773,-3.851]],"c":true},"ix":2},"nm":"Path 1","mn":"ADBE Vector Shape - Group","hd":false},{"ind":1,"ty":"sh","ix":2,"ks":{"a":0,"k":{"i":[[0,-1.852],[-0.666,0],[-3.85,5.996],[0,-1.481],[7.477,0],[0,3.849],[0,0],[4.442,0],[0,3.702],[-0.591,3.11],[-0.666,5.034],[-5.85,0],[0,-3.776],[5.553,-10.439],[0,-1.85],[-0.667,0],[-3.553,4.96],[-0.666,5.182],[-5.627,0],[0,-6.737],[8.145,-9.107]],"o":[[0,0.813],[2.296,0],[1.407,0],[0,5.627],[-4.294,0],[0,0],[-4.145,4.887],[-3.554,0],[0,-4.961],[0.889,-4.812],[1.333,-9.995],[3.184,0],[0,3.257],[-1.999,7.182],[0,0.815],[1.629,0],[1.851,-9.847],[1.777,-13.771],[5.848,0],[0,6.293],[-1.036,5.997]],"v":[[7.182,18.065],[8.218,19.175],[18.509,8.958],[21.322,11.475],[1.925,28.727],[-3.554,22.136],[-3.554,21.247],[-17.62,29.688],[-23.47,23.988],[-20.508,7.329],[-18.139,-7.256],[-5.7,-23.247],[-0.518,-17.99],[-7.552,-0.667],[-12.29,18.656],[-11.253,19.768],[-2.295,12.067],[1.555,-11.476],[13.105,-29.688],[23.47,-19.027],[8.662,6.145]],"c":true},"ix":2},"nm":"Path 2","mn":"ADBE Vector Shape - Group","hd":false},{"ty":"mm","mm":1,"nm":"Merge Paths 1","mn":"ADBE Vector Filter - Merge","hd":false},{"ty":"fl","c":{"a":0,"k":[1,1,1,1],"ix":4},"o":{"a":0,"k":100,"ix":5},"r":1,"bm":0,"nm":"Fill 1","mn":"ADBE Vector Graphic - Fill","hd":false},{"ty":"tr","p":{"a":0,"k":[23.72,29.939],"ix":2},"a":{"a":0,"k":[0,0],"ix":1},"s":{"a":0,"k":[100,100],"ix":3},"r":{"a":0,"k":0,"ix":6},"o":{"a":0,"k":100,"ix":7},"sk":{"a":0,"k":0,"ix":4},"sa":{"a":0,"k":0,"ix":5},"nm":"Transform"}],"nm":"Group 1","np":4,"cix":2,"bm":0,"ix":1,"mn":"ADBE Vector Group","hd":false}],"ip":60,"op":3660,"st":60,"bm":0},{"ddd":0,"ind":4,"ty":4,"nm":"o 3","sr":1,"ks":{"o":{"a":0,"k":100,"ix":11},"r":{"a":0,"k":0,"ix":10},"p":{"a":0,"k":[145.387,46.863,0],"ix":2},"a":{"a":0,"k":[18.389,17.537,0],"ix":1},"s":{"a":0,"k":[100,100,100],"ix":6}},"ao":0,"shapes":[{"ty":"gr","it":[{"ind":0,"ty":"sh","ix":1,"ks":{"a":0,"k":{"i":[[-1.332,0],[-1.333,3.331],[0,1.999],[-1.11,2.146],[0,-6.071]],"o":[[1.777,0],[-0.592,-2.295],[0,-2.517],[-4.59,2.146],[0,3.628]],"v":[[-4.961,8.329],[-0.074,3.295],[-0.889,-3.147],[0.74,-11.734],[-7.626,3.665]],"c":true},"ix":2},"nm":"Path 1","mn":"ADBE Vector Shape - Group","hd":false},{"ind":1,"ty":"sh","ix":2,"ks":{"a":0,"k":{"i":[[0,-3.331],[1.555,-4.072],[-0.741,0],[-2.443,3.924],[0,-1.555],[6.293,0],[0.814,0.518],[5.182,0],[0,7.256],[-7.847,0],[-0.075,-2.443],[-1.184,0]],"o":[[0,3.554],[0.222,0.222],[2.147,0],[1.333,0],[0,3.109],[-1.332,0],[-3.554,4.812],[-5.257,0],[0,-12.29],[1.925,0],[0.74,-0.74],[3.036,0]],"v":[[9.328,-7.737],[7.033,2.776],[8.514,3.295],[15.251,-2.332],[18.139,0.333],[6.885,10.402],[3.924,9.662],[-8.736,17.287],[-18.139,6.404],[-2.148,-17.287],[2.221,-14.03],[4.812,-15.067]],"c":true},"ix":2},"nm":"Path 2","mn":"ADBE Vector Shape - Group","hd":false},{"ty":"mm","mm":1,"nm":"Merge Paths 1","mn":"ADBE Vector Filter - Merge","hd":false},{"ty":"fl","c":{"a":0,"k":[1,1,1,1],"ix":4},"o":{"a":0,"k":100,"ix":5},"r":1,"bm":0,"nm":"Fill 1","mn":"ADBE Vector Graphic - Fill","hd":false},{"ty":"tr","p":{"a":0,"k":[18.389,17.537],"ix":2},"a":{"a":0,"k":[0,0],"ix":1},"s":{"a":0,"k":[100,100],"ix":3},"r":{"a":0,"k":0,"ix":6},"o":{"a":0,"k":100,"ix":7},"sk":{"a":0,"k":0,"ix":4},"sa":{"a":0,"k":0,"ix":5},"nm":"Transform"}],"nm":"Group 1","np":4,"cix":2,"bm":0,"ix":1,"mn":"ADBE Vector Group","hd":false}],"ip":80,"op":3680,"st":80,"bm":0},{"ddd":0,"ind":5,"ty":4,"nm":"w 3","sr":1,"ks":{"o":{"a":0,"k":100,"ix":11},"r":{"a":0,"k":0,"ix":10},"p":{"a":0,"k":[179.219,45.42,0],"ix":2},"a":{"a":0,"k":[22.165,19.647,0],"ix":1},"s":{"a":0,"k":[100,100,100],"ix":6}},"ao":0,"shapes":[{"ty":"gr","it":[{"ind":0,"ty":"sh","ix":1,"ks":{"a":0,"k":{"i":[[0,1.333],[-5.848,0],[0,-2.517],[0.074,-0.37],[0,-5.331],[-1.184,0],[-1.184,1.036],[0,1.11],[-4.293,0],[0,-3.184],[4.146,-5.33],[-1.037,0],[0,5.997],[0.074,1.556],[-1.703,0],[0,-3.035],[10.439,0],[1.259,3.479],[3.479,0],[0,6.663],[-3.628,5.256]],"o":[[0.074,-4.59],[3.924,0],[0,0.37],[-4.812,5.035],[0,2.295],[0.741,0],[-0.074,-0.519],[0,-8.737],[3.777,0],[0,3.331],[0.148,1.999],[4.071,0],[0,-1.777],[0.666,-1.11],[4.738,0],[0,13.178],[-2.888,0],[-2.739,2.592],[-5.183,0],[0,-5.849],[-1.407,-1.185]],"v":[[-17.62,-10.366],[-6.22,-19.398],[-0.814,-14.882],[-0.889,-13.771],[-10.439,6.292],[-8.515,9.402],[-4.961,8.217],[-5.035,5.479],[4.442,-12.734],[9.625,-7.107],[3.776,7.699],[5.85,10.66],[12.364,-7.626],[11.994,-13.402],[15.77,-15.251],[21.915,-7.848],[2.962,19.398],[-3.332,14.436],[-13.104,18.878],[-21.915,9.477],[-15.992,-6.219]],"c":true},"ix":2},"nm":"Path 1","mn":"ADBE Vector Shape - Group","hd":false},{"ty":"fl","c":{"a":0,"k":[1,1,1,1],"ix":4},"o":{"a":0,"k":100,"ix":5},"r":1,"bm":0,"nm":"Fill 1","mn":"ADBE Vector Graphic - Fill","hd":false},{"ty":"tr","p":{"a":0,"k":[22.164,19.647],"ix":2},"a":{"a":0,"k":[0,0],"ix":1},"s":{"a":0,"k":[100,100],"ix":3},"r":{"a":0,"k":0,"ix":6},"o":{"a":0,"k":100,"ix":7},"sk":{"a":0,"k":0,"ix":4},"sa":{"a":0,"k":0,"ix":5},"nm":"Transform"}],"nm":"Group 1","np":2,"cix":2,"bm":0,"ix":1,"mn":"ADBE Vector Group","hd":false}],"ip":99,"op":3699,"st":99,"bm":0},{"ddd":0,"ind":6,"ty":4,"nm":"J 2","td":1,"sr":1,"ks":{"o":{"a":0,"k":100,"ix":11},"r":{"a":0,"k":0,"ix":10},"p":{"a":0,"k":[38.077,44.087,0],"ix":2},"a":{"a":0,"k":[29.827,34.307,0],"ix":1},"s":{"a":0,"k":[100,100,100],"ix":6}},"ao":0,"shapes":[{"ty":"gr","it":[{"ty":"st","c":{"a":0,"k":[1,0,0,1],"ix":3},"o":{"a":0,"k":100,"ix":4},"w":{"a":0,"k":9,"ix":5},"lc":1,"lj":1,"ml":4,"ml2":{"a":0,"k":4,"ix":8},"bm":0,"nm":"Stroke 1","mn":"ADBE Vector Graphic - Stroke","hd":false},{"ty":"fl","c":{"a":0,"k":[1,1,1,1],"ix":4},"o":{"a":0,"k":100,"ix":5},"r":1,"bm":0,"nm":"Fill 1","mn":"ADBE Vector Graphic - Fill","hd":false},{"ty":"tr","p":{"a":0,"k":[0,0],"ix":2},"a":{"a":0,"k":[0,0],"ix":1},"s":{"a":0,"k":[100,100],"ix":3},"r":{"a":0,"k":0,"ix":6},"o":{"a":0,"k":100,"ix":7},"sk":{"a":0,"k":0,"ix":4},"sa":{"a":0,"k":0,"ix":5},"nm":"Transform"}],"nm":"Shape 2","np":2,"cix":2,"bm":0,"ix":1,"mn":"ADBE Vector Group","hd":false},{"ty":"gr","it":[{"ty":"st","c":{"a":0,"k":[1,0,0,1],"ix":3},"o":{"a":0,"k":100,"ix":4},"w":{"a":0,"k":9,"ix":5},"lc":1,"lj":1,"ml":4,"ml2":{"a":0,"k":4,"ix":8},"bm":0,"nm":"Stroke 1","mn":"ADBE Vector Graphic - Stroke","hd":false},{"ty":"fl","c":{"a":0,"k":[1,1,1,1],"ix":4},"o":{"a":0,"k":100,"ix":5},"r":1,"bm":0,"nm":"Fill 1","mn":"ADBE Vector Graphic - Fill","hd":false},{"ty":"tr","p":{"a":0,"k":[0,0],"ix":2},"a":{"a":0,"k":[0,0],"ix":1},"s":{"a":0,"k":[100,100],"ix":3},"r":{"a":0,"k":0,"ix":6},"o":{"a":0,"k":100,"ix":7},"sk":{"a":0,"k":0,"ix":4},"sa":{"a":0,"k":0,"ix":5},"nm":"Transform"}],"nm":"Shape 1","np":2,"cix":2,"bm":0,"ix":2,"mn":"ADBE Vector Group","hd":false},{"ty":"gr","it":[{"ind":0,"ty":"sh","ix":1,"ks":{"a":0,"k":{"i":[[-1.851,3.628],[4.516,1.999],[-4.59,0]],"o":[[-4.664,-0.147],[1.406,5.7],[3.184,0]],"v":[[0.482,18.878],[-16.917,15.104],[-7.07,24.654]],"c":true},"ix":2},"nm":"Path 1","mn":"ADBE Vector Shape - Group","hd":false},{"ind":1,"ty":"sh","ix":2,"ks":{"a":0,"k":{"i":[[0.962,-6.367],[0.815,0],[0,4.368],[-12.734,0],[0,-7.995],[3.404,-8.662],[-3.406,5.331],[0,-1.48],[10.439,-4.221],[9.477,0],[0,10.144],[-4.591,0],[0,-2.37],[-4.59,-0.296],[0,5.775],[0.962,0]],"o":[[-0.962,0.371],[-3.406,0],[0,-8.588],[6.959,0],[0,8.07],[4.071,-1.999],[1.407,0],[0,4.147],[-5.257,10.216],[-12.215,0],[0,-8.365],[2.295,0],[5.331,2.369],[3.702,-9.698],[0,-1.48],[-4.516,0]],"v":[[-1.444,-3.702],[-4.109,-3.184],[-9.587,-10.439],[13.067,-34.057],[23.21,-22.286],[15.807,11.18],[26.912,0.74],[29.577,3.109],[12.697,19.102],[-8.995,34.057],[-29.577,15.325],[-20.396,3.553],[-17.066,7.773],[2.776,12.882],[10.106,-20.139],[8.847,-22.581]],"c":true},"ix":2},"nm":"Path 2","mn":"ADBE Vector Shape - Group","hd":false},{"ty":"mm","mm":1,"nm":"Merge Paths 1","mn":"ADBE Vector Filter - Merge","hd":false},{"ty":"fl","c":{"a":0,"k":[1,1,1,1],"ix":4},"o":{"a":0,"k":100,"ix":5},"r":1,"bm":0,"nm":"Fill 1","mn":"ADBE Vector Graphic - Fill","hd":false},{"ty":"tr","p":{"a":0,"k":[29.827,34.307],"ix":2},"a":{"a":0,"k":[0,0],"ix":1},"s":{"a":0,"k":[100,100],"ix":3},"r":{"a":0,"k":0,"ix":6},"o":{"a":0,"k":100,"ix":7},"sk":{"a":0,"k":0,"ix":4},"sa":{"a":0,"k":0,"ix":5},"nm":"Transform"}],"nm":"Group 1","np":4,"cix":2,"bm":0,"ix":3,"mn":"ADBE Vector Group","hd":false}],"ip":8,"op":3608,"st":8,"bm":0},{"ddd":0,"ind":7,"ty":4,"nm":"J outline 2","tt":1,"sr":1,"ks":{"o":{"a":0,"k":100,"ix":11},"r":{"a":0,"k":0,"ix":10},"p":{"a":0,"k":[106,42,0],"ix":2},"a":{"a":0,"k":[0,0,0],"ix":1},"s":{"a":0,"k":[100,100,100],"ix":6}},"ao":0,"shapes":[{"ty":"gr","it":[{"ind":0,"ty":"sh","ix":1,"ks":{"a":0,"k":{"i":[[0,0],[-13.128,2.188],[3.5,-15.25],[9.625,-1.125],[2,7.25],[0,0],[-5.812,-1.5],[-8.75,2.062],[0,0]],"o":[[0,0],[8.25,-1.375],[-2.49,10.849],[-9.625,1.125],[-2.228,-8.077],[0,0],[6.48,1.672],[9.911,-2.336],[0,0]],"v":[[-71.625,-6.125],[-57.875,-27.125],[-53.5,-3.875],[-70.875,31.125],[-91.75,19.813],[-89.062,9.938],[-78.875,15.75],[-54.125,16.938],[-39.438,5.813]],"c":false},"ix":2},"nm":"Path 1","mn":"ADBE Vector Shape - Group","hd":false},{"ty":"tm","s":{"a":0,"k":0,"ix":1},"e":{"a":1,"k":[{"i":{"x":[0.6],"y":[1]},"o":{"x":[0.167],"y":[0.167]},"n":["0p6_1_0p167_0p167"],"t":8,"s":[0],"e":[100]},{"t":39}],"ix":2},"o":{"a":0,"k":0,"ix":3},"m":1,"ix":2,"nm":"Trim Paths 1","mn":"ADBE Vector Filter - Trim","hd":false},{"ty":"st","c":{"a":0,"k":[1,1,1,1],"ix":3},"o":{"a":0,"k":100,"ix":4},"w":{"a":0,"k":13,"ix":5},"lc":2,"lj":2,"bm":0,"nm":"Stroke 1","mn":"ADBE Vector Graphic - Stroke","hd":false},{"ty":"tr","p":{"a":0,"k":[0,0],"ix":2},"a":{"a":0,"k":[0,0],"ix":1},"s":{"a":0,"k":[100,100],"ix":3},"r":{"a":0,"k":0,"ix":6},"o":{"a":0,"k":100,"ix":7},"sk":{"a":0,"k":0,"ix":4},"sa":{"a":0,"k":0,"ix":5},"nm":"Transform"}],"nm":"Shape 1","np":3,"cix":2,"bm":0,"ix":1,"mn":"ADBE Vector Group","hd":false}],"ip":8,"op":3608,"st":8,"bm":0},{"ddd":0,"ind":8,"ty":4,"nm":"e 2","td":1,"sr":1,"ks":{"o":{"a":0,"k":100,"ix":11},"r":{"a":0,"k":0,"ix":10},"p":{"a":0,"k":[78.313,46.604,0],"ix":2},"a":{"a":0,"k":[16.538,17.797,0],"ix":1},"s":{"a":0,"k":[100,100,100],"ix":6}},"ao":0,"shapes":[{"ty":"gr","it":[{"ind":0,"ty":"sh","ix":1,"ks":{"a":0,"k":{"i":[[0.889,0],[0.519,-5.183],[0,2.221]],"o":[[-1.036,0],[4.147,-0.741],[0,-1.555]],"v":[[-1.851,-9.773],[-5.405,-2.072],[-0.37,-7.329]],"c":true},"ix":2},"nm":"Path 1","mn":"ADBE Vector Shape - Group","hd":false},{"ind":1,"ty":"sh","ix":2,"ks":{"a":0,"k":{"i":[[0,7.996],[-7.181,0],[0,-5.183],[10.143,-2.295],[-2.887,0],[-4.22,6.442],[0,-1.185],[9.624,0]],"o":[[0,-11.179],[5.109,0],[0,6.219],[0,3.332],[5.035,0],[1.778,0.075],[0,5.478],[-7.254,0]],"v":[[-16.288,5.035],[0,-17.546],[7.921,-9.921],[-5.848,3.406],[-2.295,8.589],[13.474,-2.148],[16.288,0.296],[-5.701,17.546]],"c":true},"ix":2},"nm":"Path 2","mn":"ADBE Vector Shape - Group","hd":false},{"ty":"mm","mm":1,"nm":"Merge Paths 1","mn":"ADBE Vector Filter - Merge","hd":false},{"ty":"fl","c":{"a":0,"k":[1,1,1,1],"ix":4},"o":{"a":0,"k":100,"ix":5},"r":1,"bm":0,"nm":"Fill 1","mn":"ADBE Vector Graphic - Fill","hd":false},{"ty":"tr","p":{"a":0,"k":[16.538,17.797],"ix":2},"a":{"a":0,"k":[0,0],"ix":1},"s":{"a":0,"k":[100,100],"ix":3},"r":{"a":0,"k":0,"ix":6},"o":{"a":0,"k":100,"ix":7},"sk":{"a":0,"k":0,"ix":4},"sa":{"a":0,"k":0,"ix":5},"nm":"Transform"}],"nm":"Group 1","np":4,"cix":2,"bm":0,"ix":1,"mn":"ADBE Vector Group","hd":false}],"ip":8,"op":3608,"st":8,"bm":0},{"ddd":0,"ind":9,"ty":4,"nm":"e outline 2","tt":1,"sr":1,"ks":{"o":{"a":0,"k":100,"ix":11},"r":{"a":0,"k":0,"ix":10},"p":{"a":0,"k":[106,42,0],"ix":2},"a":{"a":0,"k":[0,0,0],"ix":1},"s":{"a":0,"k":[100,100,100],"ix":6}},"ao":0,"shapes":[{"ty":"gr","it":[{"ind":0,"ty":"sh","ix":1,"ks":{"a":0,"k":{"i":[[0,0],[-0.919,5.688],[2.359,-0.463],[-11.608,-6.271],[0,0]],"o":[[0,0],[1,-6.188],[-6.375,1.25],[10.875,5.875],[0,0]],"v":[[-38.312,6.188],[-23.688,-2.25],[-28,-9.875],[-36.312,16.688],[-13.188,4.812]],"c":false},"ix":2},"nm":"Path 1","mn":"ADBE Vector Shape - Group","hd":false},{"ty":"tm","s":{"a":0,"k":0,"ix":1},"e":{"a":1,"k":[{"i":{"x":[0.833],"y":[0.833]},"o":{"x":[0.167],"y":[0.167]},"n":["0p833_0p833_0p167_0p167"],"t":30,"s":[0],"e":[100]},{"t":41}],"ix":2},"o":{"a":0,"k":0,"ix":3},"m":1,"ix":2,"nm":"Trim Paths 1","mn":"ADBE Vector Filter - Trim","hd":false},{"ty":"st","c":{"a":0,"k":[1,1,1,1],"ix":3},"o":{"a":0,"k":100,"ix":4},"w":{"a":0,"k":13,"ix":5},"lc":2,"lj":2,"bm":0,"nm":"Stroke 1","mn":"ADBE Vector Graphic - Stroke","hd":false},{"ty":"tr","p":{"a":0,"k":[0,0],"ix":2},"a":{"a":0,"k":[0,0],"ix":1},"s":{"a":0,"k":[100,100],"ix":3},"r":{"a":0,"k":0,"ix":6},"o":{"a":0,"k":100,"ix":7},"sk":{"a":0,"k":0,"ix":4},"sa":{"a":0,"k":0,"ix":5},"nm":"Transform"}],"nm":"Shape 1","np":3,"cix":2,"bm":0,"ix":1,"mn":"ADBE Vector Group","hd":false}],"ip":8,"op":3608,"st":8,"bm":0},{"ddd":0,"ind":10,"ty":4,"nm":"ll 2","td":1,"sr":1,"ks":{"o":{"a":0,"k":100,"ix":11},"r":{"a":0,"k":0,"ix":10},"p":{"a":0,"k":[111.554,35.721,0],"ix":2},"a":{"a":0,"k":[23.72,29.939,0],"ix":1},"s":{"a":0,"k":[100,100,100],"ix":6}},"ao":0,"shapes":[{"ty":"gr","it":[{"ind":0,"ty":"sh","ix":1,"ks":{"a":0,"k":{"i":[[0,2.813],[1.555,0],[0.445,-3.924],[0,0]],"o":[[0,-1.999],[-0.814,0],[-0.296,2.739],[3.923,-5.182]],"v":[[15.548,-16.954],[13.03,-21.544],[11.327,-17.251],[9.773,-3.851]],"c":true},"ix":2},"nm":"Path 1","mn":"ADBE Vector Shape - Group","hd":false},{"ind":1,"ty":"sh","ix":2,"ks":{"a":0,"k":{"i":[[0,-1.852],[-0.666,0],[-3.85,5.996],[0,-1.481],[7.477,0],[0,3.849],[0,0],[4.442,0],[0,3.702],[-0.591,3.11],[-0.666,5.034],[-5.85,0],[0,-3.776],[5.553,-10.439],[0,-1.85],[-0.667,0],[-3.553,4.96],[-0.666,5.182],[-5.627,0],[0,-6.737],[8.145,-9.107]],"o":[[0,0.813],[2.296,0],[1.407,0],[0,5.627],[-4.294,0],[0,0],[-4.145,4.887],[-3.554,0],[0,-4.961],[0.889,-4.812],[1.333,-9.995],[3.184,0],[0,3.257],[-1.999,7.182],[0,0.815],[1.629,0],[1.851,-9.847],[1.777,-13.771],[5.848,0],[0,6.293],[-1.036,5.997]],"v":[[7.182,18.065],[8.218,19.175],[18.509,8.958],[21.322,11.475],[1.925,28.727],[-3.554,22.136],[-3.554,21.247],[-17.62,29.688],[-23.47,23.988],[-20.508,7.329],[-18.139,-7.256],[-5.7,-23.247],[-0.518,-17.99],[-7.552,-0.667],[-12.29,18.656],[-11.253,19.768],[-2.295,12.067],[1.555,-11.476],[13.105,-29.688],[23.47,-19.027],[8.662,6.145]],"c":true},"ix":2},"nm":"Path 2","mn":"ADBE Vector Shape - Group","hd":false},{"ty":"mm","mm":1,"nm":"Merge Paths 1","mn":"ADBE Vector Filter - Merge","hd":false},{"ty":"fl","c":{"a":0,"k":[1,1,1,1],"ix":4},"o":{"a":0,"k":100,"ix":5},"r":1,"bm":0,"nm":"Fill 1","mn":"ADBE Vector Graphic - Fill","hd":false},{"ty":"tr","p":{"a":0,"k":[23.72,29.939],"ix":2},"a":{"a":0,"k":[0,0],"ix":1},"s":{"a":0,"k":[100,100],"ix":3},"r":{"a":0,"k":0,"ix":6},"o":{"a":0,"k":100,"ix":7},"sk":{"a":0,"k":0,"ix":4},"sa":{"a":0,"k":0,"ix":5},"nm":"Transform"}],"nm":"Group 1","np":4,"cix":2,"bm":0,"ix":1,"mn":"ADBE Vector Group","hd":false}],"ip":8,"op":3608,"st":8,"bm":0},{"ddd":0,"ind":11,"ty":4,"nm":"ll outline 2","tt":1,"sr":1,"ks":{"o":{"a":0,"k":100,"ix":11},"r":{"a":0,"k":0,"ix":10},"p":{"a":0,"k":[106,42,0],"ix":2},"a":{"a":0,"k":[0,0,0],"ix":1},"s":{"a":0,"k":[100,100,100],"ix":6}},"ao":0,"shapes":[{"ty":"gr","it":[{"ind":0,"ty":"sh","ix":1,"ks":{"a":0,"k":{"i":[[0,0],[1.602,-15.419],[-6,5.375],[0.839,9.367],[3.25,-3.5],[-3.75,-1.875],[-2.125,4.375],[0,0]],"o":[[0,0],[-1,9.625],[6,-5.375],[-0.75,-8.375],[-3.25,3.5],[3.75,1.875],[1.417,-2.917],[0,0]],"v":[[0.625,-29.625],[-12.125,11.375],[-1.5,12.75],[25.125,-24.5],[15.875,-31.125],[8.5,18.375],[22.375,10],[24.875,3.625]],"c":false},"ix":2},"nm":"Path 1","mn":"ADBE Vector Shape - Group","hd":false},{"ty":"tm","s":{"a":0,"k":0,"ix":1},"e":{"a":1,"k":[{"i":{"x":[0.833],"y":[0.833]},"o":{"x":[0.167],"y":[0.167]},"n":["0p833_0p833_0p167_0p167"],"t":41,"s":[0],"e":[100]},{"t":60}],"ix":2},"o":{"a":0,"k":0,"ix":3},"m":1,"ix":2,"nm":"Trim Paths 1","mn":"ADBE Vector Filter - Trim","hd":false},{"ty":"st","c":{"a":0,"k":[1,1,1,1],"ix":3},"o":{"a":0,"k":100,"ix":4},"w":{"a":0,"k":13,"ix":5},"lc":2,"lj":2,"bm":0,"nm":"Stroke 1","mn":"ADBE Vector Graphic - Stroke","hd":false},{"ty":"tr","p":{"a":0,"k":[0,0],"ix":2},"a":{"a":0,"k":[0,0],"ix":1},"s":{"a":0,"k":[100,100],"ix":3},"r":{"a":0,"k":0,"ix":6},"o":{"a":0,"k":100,"ix":7},"sk":{"a":0,"k":0,"ix":4},"sa":{"a":0,"k":0,"ix":5},"nm":"Transform"}],"nm":"Shape 1","np":3,"cix":2,"bm":0,"ix":1,"mn":"ADBE Vector Group","hd":false}],"ip":8,"op":3608,"st":8,"bm":0},{"ddd":0,"ind":12,"ty":4,"nm":"o 2","td":1,"sr":1,"ks":{"o":{"a":0,"k":100,"ix":11},"r":{"a":0,"k":0,"ix":10},"p":{"a":0,"k":[145.387,46.863,0],"ix":2},"a":{"a":0,"k":[18.389,17.537,0],"ix":1},"s":{"a":0,"k":[100,100,100],"ix":6}},"ao":0,"shapes":[{"ty":"gr","it":[{"ind":0,"ty":"sh","ix":1,"ks":{"a":0,"k":{"i":[[-1.332,0],[-1.333,3.331],[0,1.999],[-1.11,2.146],[0,-6.071]],"o":[[1.777,0],[-0.592,-2.295],[0,-2.517],[-4.59,2.146],[0,3.628]],"v":[[-4.961,8.329],[-0.074,3.295],[-0.889,-3.147],[0.74,-11.734],[-7.626,3.665]],"c":true},"ix":2},"nm":"Path 1","mn":"ADBE Vector Shape - Group","hd":false},{"ind":1,"ty":"sh","ix":2,"ks":{"a":0,"k":{"i":[[0,-3.331],[1.555,-4.072],[-0.741,0],[-2.443,3.924],[0,-1.555],[6.293,0],[0.814,0.518],[5.182,0],[0,7.256],[-7.847,0],[-0.075,-2.443],[-1.184,0]],"o":[[0,3.554],[0.222,0.222],[2.147,0],[1.333,0],[0,3.109],[-1.332,0],[-3.554,4.812],[-5.257,0],[0,-12.29],[1.925,0],[0.74,-0.74],[3.036,0]],"v":[[9.328,-7.737],[7.033,2.776],[8.514,3.295],[15.251,-2.332],[18.139,0.333],[6.885,10.402],[3.924,9.662],[-8.736,17.287],[-18.139,6.404],[-2.148,-17.287],[2.221,-14.03],[4.812,-15.067]],"c":true},"ix":2},"nm":"Path 2","mn":"ADBE Vector Shape - Group","hd":false},{"ty":"mm","mm":1,"nm":"Merge Paths 1","mn":"ADBE Vector Filter - Merge","hd":false},{"ty":"fl","c":{"a":0,"k":[1,1,1,1],"ix":4},"o":{"a":0,"k":100,"ix":5},"r":1,"bm":0,"nm":"Fill 1","mn":"ADBE Vector Graphic - Fill","hd":false},{"ty":"tr","p":{"a":0,"k":[18.389,17.537],"ix":2},"a":{"a":0,"k":[0,0],"ix":1},"s":{"a":0,"k":[100,100],"ix":3},"r":{"a":0,"k":0,"ix":6},"o":{"a":0,"k":100,"ix":7},"sk":{"a":0,"k":0,"ix":4},"sa":{"a":0,"k":0,"ix":5},"nm":"Transform"}],"nm":"Group 1","np":4,"cix":2,"bm":0,"ix":1,"mn":"ADBE Vector Group","hd":false}],"ip":8,"op":3608,"st":8,"bm":0},{"ddd":0,"ind":13,"ty":4,"nm":"o outline 2","tt":1,"sr":1,"ks":{"o":{"a":0,"k":100,"ix":11},"r":{"a":0,"k":0,"ix":10},"p":{"a":0,"k":[106,42,0],"ix":2},"a":{"a":0,"k":[0,0,0],"ix":1},"s":{"a":0,"k":[100,100,100],"ix":6}},"ao":0,"shapes":[{"ty":"gr","it":[{"ind":0,"ty":"sh","ix":1,"ks":{"a":0,"k":{"i":[[0,0],[-7.042,-10.432],[0,6.25],[1.125,-0.625],[-5.125,0.375],[-0.625,2.125]],"o":[[0,0],[6.75,10],[0,-6.25],[-1.125,0.625],[5.125,-0.375],[0.625,-2.125]],"v":[[36.125,-9],[27.625,15],[43.875,0.25],[42.5,-7],[45.5,13.125],[56,5.625]],"c":false},"ix":2},"nm":"Path 1","mn":"ADBE Vector Shape - Group","hd":false},{"ty":"tm","s":{"a":0,"k":0,"ix":1},"e":{"a":1,"k":[{"i":{"x":[0.833],"y":[0.833]},"o":{"x":[0.167],"y":[0.167]},"n":["0p833_0p833_0p167_0p167"],"t":60,"s":[0],"e":[100]},{"t":72}],"ix":2},"o":{"a":0,"k":0,"ix":3},"m":1,"ix":2,"nm":"Trim Paths 1","mn":"ADBE Vector Filter - Trim","hd":false},{"ty":"st","c":{"a":0,"k":[1,1,1,1],"ix":3},"o":{"a":0,"k":100,"ix":4},"w":{"a":0,"k":13,"ix":5},"lc":2,"lj":2,"bm":0,"nm":"Stroke 1","mn":"ADBE Vector Graphic - Stroke","hd":false},{"ty":"tr","p":{"a":0,"k":[0,0],"ix":2},"a":{"a":0,"k":[0,0],"ix":1},"s":{"a":0,"k":[100,100],"ix":3},"r":{"a":0,"k":0,"ix":6},"o":{"a":0,"k":100,"ix":7},"sk":{"a":0,"k":0,"ix":4},"sa":{"a":0,"k":0,"ix":5},"nm":"Transform"}],"nm":"Shape 1","np":3,"cix":2,"bm":0,"ix":1,"mn":"ADBE Vector Group","hd":false}],"ip":8,"op":3608,"st":8,"bm":0},{"ddd":0,"ind":14,"ty":4,"nm":"w 2","td":1,"sr":1,"ks":{"o":{"a":0,"k":100,"ix":11},"r":{"a":0,"k":0,"ix":10},"p":{"a":0,"k":[179.219,45.42,0],"ix":2},"a":{"a":0,"k":[22.165,19.647,0],"ix":1},"s":{"a":0,"k":[100,100,100],"ix":6}},"ao":0,"shapes":[{"ty":"gr","it":[{"ind":0,"ty":"sh","ix":1,"ks":{"a":0,"k":{"i":[[0,1.333],[-5.848,0],[0,-2.517],[0.074,-0.37],[0,-5.331],[-1.184,0],[-1.184,1.036],[0,1.11],[-4.293,0],[0,-3.184],[4.146,-5.33],[-1.037,0],[0,5.997],[0.074,1.556],[-1.703,0],[0,-3.035],[10.439,0],[1.259,3.479],[3.479,0],[0,6.663],[-3.628,5.256]],"o":[[0.074,-4.59],[3.924,0],[0,0.37],[-4.812,5.035],[0,2.295],[0.741,0],[-0.074,-0.519],[0,-8.737],[3.777,0],[0,3.331],[0.148,1.999],[4.071,0],[0,-1.777],[0.666,-1.11],[4.738,0],[0,13.178],[-2.888,0],[-2.739,2.592],[-5.183,0],[0,-5.849],[-1.407,-1.185]],"v":[[-17.62,-10.366],[-6.22,-19.398],[-0.814,-14.882],[-0.889,-13.771],[-10.439,6.292],[-8.515,9.402],[-4.961,8.217],[-5.035,5.479],[4.442,-12.734],[9.625,-7.107],[3.776,7.699],[5.85,10.66],[12.364,-7.626],[11.994,-13.402],[15.77,-15.251],[21.915,-7.848],[2.962,19.398],[-3.332,14.436],[-13.104,18.878],[-21.915,9.477],[-15.992,-6.219]],"c":true},"ix":2},"nm":"Path 1","mn":"ADBE Vector Shape - Group","hd":false},{"ty":"fl","c":{"a":0,"k":[1,1,1,1],"ix":4},"o":{"a":0,"k":100,"ix":5},"r":1,"bm":0,"nm":"Fill 1","mn":"ADBE Vector Graphic - Fill","hd":false},{"ty":"tr","p":{"a":0,"k":[22.164,19.647],"ix":2},"a":{"a":0,"k":[0,0],"ix":1},"s":{"a":0,"k":[100,100],"ix":3},"r":{"a":0,"k":0,"ix":6},"o":{"a":0,"k":100,"ix":7},"sk":{"a":0,"k":0,"ix":4},"sa":{"a":0,"k":0,"ix":5},"nm":"Transform"}],"nm":"Group 1","np":2,"cix":2,"bm":0,"ix":1,"mn":"ADBE Vector Group","hd":false}],"ip":8,"op":3608,"st":8,"bm":0},{"ddd":0,"ind":15,"ty":4,"nm":"w outline 2","tt":1,"sr":1,"ks":{"o":{"a":0,"k":100,"ix":11},"r":{"a":0,"k":0,"ix":10},"p":{"a":0,"k":[106,42,0],"ix":2},"a":{"a":0,"k":[0,0,0],"ix":1},"s":{"a":0,"k":[100,100,100],"ix":6}},"ao":0,"shapes":[{"ty":"gr","it":[{"ind":0,"ty":"sh","ix":1,"ks":{"a":0,"k":{"i":[[0,0],[0,0],[-6.25,-4.125],[-2.125,7.125],[1.216,-0.474],[-5.75,-2.25],[-0.105,7.134],[0,0]],"o":[[0,0],[0,0],[6.159,4.065],[2.125,-7.125],[-5.125,2],[5.75,2.25],[0.125,-8.5],[0,0]],"v":[[58.25,-7],[67.625,-12.75],[58.125,16.75],[78,1.5],[77.75,-6.875],[76.125,18.25],[90.625,1.5],[89,-11]],"c":false},"ix":2},"nm":"Path 1","mn":"ADBE Vector Shape - Group","hd":false},{"ty":"tm","s":{"a":0,"k":0,"ix":1},"e":{"a":1,"k":[{"i":{"x":[0.16],"y":[1]},"o":{"x":[0.61],"y":[0]},"n":["0p16_1_0p61_0"],"t":70,"s":[0],"e":[100]},{"t":104}],"ix":2},"o":{"a":0,"k":0,"ix":3},"m":1,"ix":2,"nm":"Trim Paths 1","mn":"ADBE Vector Filter - Trim","hd":false},{"ty":"st","c":{"a":0,"k":[1,1,1,1],"ix":3},"o":{"a":0,"k":100,"ix":4},"w":{"a":0,"k":13,"ix":5},"lc":2,"lj":2,"bm":0,"nm":"Stroke 1","mn":"ADBE Vector Graphic - Stroke","hd":false},{"ty":"tr","p":{"a":0,"k":[0,0],"ix":2},"a":{"a":0,"k":[0,0],"ix":1},"s":{"a":0,"k":[100,100],"ix":3},"r":{"a":0,"k":0,"ix":6},"o":{"a":0,"k":100,"ix":7},"sk":{"a":0,"k":0,"ix":4},"sa":{"a":0,"k":0,"ix":5},"nm":"Transform"}],"nm":"Shape 1","np":3,"cix":2,"bm":0,"ix":1,"mn":"ADBE Vector Group","hd":false}],"ip":8,"op":3608,"st":8,"bm":0},{"ddd":0,"ind":16,"ty":4,"nm":"J","td":1,"sr":1,"ks":{"o":{"a":0,"k":100,"ix":11},"r":{"a":0,"k":0,"ix":10},"p":{"a":0,"k":[38.077,44.087,0],"ix":2},"a":{"a":0,"k":[29.827,34.307,0],"ix":1},"s":{"a":0,"k":[100,100,100],"ix":6}},"ao":0,"shapes":[{"ty":"gr","it":[{"ty":"st","c":{"a":0,"k":[1,0,0,1],"ix":3},"o":{"a":0,"k":100,"ix":4},"w":{"a":0,"k":9,"ix":5},"lc":1,"lj":1,"ml":4,"ml2":{"a":0,"k":4,"ix":8},"bm":0,"nm":"Stroke 1","mn":"ADBE Vector Graphic - Stroke","hd":false},{"ty":"fl","c":{"a":0,"k":[1,1,1,1],"ix":4},"o":{"a":0,"k":100,"ix":5},"r":1,"bm":0,"nm":"Fill 1","mn":"ADBE Vector Graphic - Fill","hd":false},{"ty":"tr","p":{"a":0,"k":[0,0],"ix":2},"a":{"a":0,"k":[0,0],"ix":1},"s":{"a":0,"k":[100,100],"ix":3},"r":{"a":0,"k":0,"ix":6},"o":{"a":0,"k":100,"ix":7},"sk":{"a":0,"k":0,"ix":4},"sa":{"a":0,"k":0,"ix":5},"nm":"Transform"}],"nm":"Shape 2","np":2,"cix":2,"bm":0,"ix":1,"mn":"ADBE Vector Group","hd":false},{"ty":"gr","it":[{"ty":"st","c":{"a":0,"k":[1,0,0,1],"ix":3},"o":{"a":0,"k":100,"ix":4},"w":{"a":0,"k":9,"ix":5},"lc":1,"lj":1,"ml":4,"ml2":{"a":0,"k":4,"ix":8},"bm":0,"nm":"Stroke 1","mn":"ADBE Vector Graphic - Stroke","hd":false},{"ty":"fl","c":{"a":0,"k":[1,1,1,1],"ix":4},"o":{"a":0,"k":100,"ix":5},"r":1,"bm":0,"nm":"Fill 1","mn":"ADBE Vector Graphic - Fill","hd":false},{"ty":"tr","p":{"a":0,"k":[0,0],"ix":2},"a":{"a":0,"k":[0,0],"ix":1},"s":{"a":0,"k":[100,100],"ix":3},"r":{"a":0,"k":0,"ix":6},"o":{"a":0,"k":100,"ix":7},"sk":{"a":0,"k":0,"ix":4},"sa":{"a":0,"k":0,"ix":5},"nm":"Transform"}],"nm":"Shape 1","np":2,"cix":2,"bm":0,"ix":2,"mn":"ADBE Vector Group","hd":false},{"ty":"gr","it":[{"ind":0,"ty":"sh","ix":1,"ks":{"a":0,"k":{"i":[[-1.851,3.628],[4.516,1.999],[-4.59,0]],"o":[[-4.664,-0.147],[1.406,5.7],[3.184,0]],"v":[[0.482,18.878],[-16.917,15.104],[-7.07,24.654]],"c":true},"ix":2},"nm":"Path 1","mn":"ADBE Vector Shape - Group","hd":false},{"ind":1,"ty":"sh","ix":2,"ks":{"a":0,"k":{"i":[[0.962,-6.367],[0.815,0],[0,4.368],[-12.734,0],[0,-7.995],[3.404,-8.662],[-3.406,5.331],[0,-1.48],[10.439,-4.221],[9.477,0],[0,10.144],[-4.591,0],[0,-2.37],[-4.59,-0.296],[0,5.775],[0.962,0]],"o":[[-0.962,0.371],[-3.406,0],[0,-8.588],[6.959,0],[0,8.07],[4.071,-1.999],[1.407,0],[0,4.147],[-5.257,10.216],[-12.215,0],[0,-8.365],[2.295,0],[5.331,2.369],[3.702,-9.698],[0,-1.48],[-4.516,0]],"v":[[-1.444,-3.702],[-4.109,-3.184],[-9.587,-10.439],[13.067,-34.057],[23.21,-22.286],[15.807,11.18],[26.912,0.74],[29.577,3.109],[12.697,19.102],[-8.995,34.057],[-29.577,15.325],[-20.396,3.553],[-17.066,7.773],[2.776,12.882],[10.106,-20.139],[8.847,-22.581]],"c":true},"ix":2},"nm":"Path 2","mn":"ADBE Vector Shape - Group","hd":false},{"ty":"mm","mm":1,"nm":"Merge Paths 1","mn":"ADBE Vector Filter - Merge","hd":false},{"ty":"fl","c":{"a":0,"k":[1,1,1,1],"ix":4},"o":{"a":0,"k":100,"ix":5},"r":1,"bm":0,"nm":"Fill 1","mn":"ADBE Vector Graphic - Fill","hd":false},{"ty":"tr","p":{"a":0,"k":[29.827,34.307],"ix":2},"a":{"a":0,"k":[0,0],"ix":1},"s":{"a":0,"k":[100,100],"ix":3},"r":{"a":0,"k":0,"ix":6},"o":{"a":0,"k":100,"ix":7},"sk":{"a":0,"k":0,"ix":4},"sa":{"a":0,"k":0,"ix":5},"nm":"Transform"}],"nm":"Group 1","np":4,"cix":2,"bm":0,"ix":3,"mn":"ADBE Vector Group","hd":false}],"ip":0,"op":3600,"st":0,"bm":0},{"ddd":0,"ind":17,"ty":4,"nm":"J outline","tt":1,"sr":1,"ks":{"o":{"a":0,"k":100,"ix":11},"r":{"a":0,"k":0,"ix":10},"p":{"a":0,"k":[106,42,0],"ix":2},"a":{"a":0,"k":[0,0,0],"ix":1},"s":{"a":0,"k":[100,100,100],"ix":6}},"ao":0,"shapes":[{"ty":"gr","it":[{"ind":0,"ty":"sh","ix":1,"ks":{"a":0,"k":{"i":[[0,0],[-13.128,2.188],[3.5,-15.25],[9.625,-1.125],[2,7.25],[0,0],[-5.812,-1.5],[-8.75,2.062],[0,0]],"o":[[0,0],[8.25,-1.375],[-2.49,10.849],[-9.625,1.125],[-2.228,-8.077],[0,0],[6.48,1.672],[9.911,-2.336],[0,0]],"v":[[-71.625,-6.125],[-57.875,-27.125],[-53.5,-3.875],[-70.875,31.125],[-91.75,19.813],[-89.062,9.938],[-78.875,15.75],[-54.125,16.938],[-39.438,5.813]],"c":false},"ix":2},"nm":"Path 1","mn":"ADBE Vector Shape - Group","hd":false},{"ty":"tm","s":{"a":0,"k":0,"ix":1},"e":{"a":1,"k":[{"i":{"x":[0.6],"y":[1]},"o":{"x":[0.167],"y":[0.167]},"n":["0p6_1_0p167_0p167"],"t":0,"s":[0],"e":[100]},{"t":31}],"ix":2},"o":{"a":0,"k":0,"ix":3},"m":1,"ix":2,"nm":"Trim Paths 1","mn":"ADBE Vector Filter - Trim","hd":false},{"ty":"st","c":{"a":0,"k":[1,0.894117647059,0.066666666667,1],"ix":3},"o":{"a":0,"k":100,"ix":4},"w":{"a":0,"k":13,"ix":5},"lc":2,"lj":2,"bm":0,"nm":"Stroke 1","mn":"ADBE Vector Graphic - Stroke","hd":false},{"ty":"tr","p":{"a":0,"k":[0,0],"ix":2},"a":{"a":0,"k":[0,0],"ix":1},"s":{"a":0,"k":[100,100],"ix":3},"r":{"a":0,"k":0,"ix":6},"o":{"a":0,"k":100,"ix":7},"sk":{"a":0,"k":0,"ix":4},"sa":{"a":0,"k":0,"ix":5},"nm":"Transform"}],"nm":"Shape 1","np":3,"cix":2,"bm":0,"ix":1,"mn":"ADBE Vector Group","hd":false}],"ip":0,"op":3600,"st":0,"bm":0},{"ddd":0,"ind":18,"ty":4,"nm":"e","td":1,"sr":1,"ks":{"o":{"a":0,"k":100,"ix":11},"r":{"a":0,"k":0,"ix":10},"p":{"a":0,"k":[78.313,46.604,0],"ix":2},"a":{"a":0,"k":[16.538,17.797,0],"ix":1},"s":{"a":0,"k":[100,100,100],"ix":6}},"ao":0,"shapes":[{"ty":"gr","it":[{"ind":0,"ty":"sh","ix":1,"ks":{"a":0,"k":{"i":[[0.889,0],[0.519,-5.183],[0,2.221]],"o":[[-1.036,0],[4.147,-0.741],[0,-1.555]],"v":[[-1.851,-9.773],[-5.405,-2.072],[-0.37,-7.329]],"c":true},"ix":2},"nm":"Path 1","mn":"ADBE Vector Shape - Group","hd":false},{"ind":1,"ty":"sh","ix":2,"ks":{"a":0,"k":{"i":[[0,7.996],[-7.181,0],[0,-5.183],[10.143,-2.295],[-2.887,0],[-4.22,6.442],[0,-1.185],[9.624,0]],"o":[[0,-11.179],[5.109,0],[0,6.219],[0,3.332],[5.035,0],[1.778,0.075],[0,5.478],[-7.254,0]],"v":[[-16.288,5.035],[0,-17.546],[7.921,-9.921],[-5.848,3.406],[-2.295,8.589],[13.474,-2.148],[16.288,0.296],[-5.701,17.546]],"c":true},"ix":2},"nm":"Path 2","mn":"ADBE Vector Shape - Group","hd":false},{"ty":"mm","mm":1,"nm":"Merge Paths 1","mn":"ADBE Vector Filter - Merge","hd":false},{"ty":"fl","c":{"a":0,"k":[1,1,1,1],"ix":4},"o":{"a":0,"k":100,"ix":5},"r":1,"bm":0,"nm":"Fill 1","mn":"ADBE Vector Graphic - Fill","hd":false},{"ty":"tr","p":{"a":0,"k":[16.538,17.797],"ix":2},"a":{"a":0,"k":[0,0],"ix":1},"s":{"a":0,"k":[100,100],"ix":3},"r":{"a":0,"k":0,"ix":6},"o":{"a":0,"k":100,"ix":7},"sk":{"a":0,"k":0,"ix":4},"sa":{"a":0,"k":0,"ix":5},"nm":"Transform"}],"nm":"Group 1","np":4,"cix":2,"bm":0,"ix":1,"mn":"ADBE Vector Group","hd":false}],"ip":0,"op":3600,"st":0,"bm":0},{"ddd":0,"ind":19,"ty":4,"nm":"e outline","tt":1,"sr":1,"ks":{"o":{"a":0,"k":100,"ix":11},"r":{"a":0,"k":0,"ix":10},"p":{"a":0,"k":[106,42,0],"ix":2},"a":{"a":0,"k":[0,0,0],"ix":1},"s":{"a":0,"k":[100,100,100],"ix":6}},"ao":0,"shapes":[{"ty":"gr","it":[{"ind":0,"ty":"sh","ix":1,"ks":{"a":0,"k":{"i":[[0,0],[-0.919,5.688],[2.359,-0.463],[-11.608,-6.271],[0,0]],"o":[[0,0],[1,-6.188],[-6.375,1.25],[10.875,5.875],[0,0]],"v":[[-38.312,6.188],[-23.688,-2.25],[-28,-9.875],[-36.312,16.688],[-13.188,4.812]],"c":false},"ix":2},"nm":"Path 1","mn":"ADBE Vector Shape - Group","hd":false},{"ty":"tm","s":{"a":0,"k":0,"ix":1},"e":{"a":1,"k":[{"i":{"x":[0.833],"y":[0.833]},"o":{"x":[0.167],"y":[0.167]},"n":["0p833_0p833_0p167_0p167"],"t":22,"s":[0],"e":[100]},{"t":33}],"ix":2},"o":{"a":0,"k":0,"ix":3},"m":1,"ix":2,"nm":"Trim Paths 1","mn":"ADBE Vector Filter - Trim","hd":false},{"ty":"st","c":{"a":0,"k":[1,0.894117647059,0.066666666667,1],"ix":3},"o":{"a":0,"k":100,"ix":4},"w":{"a":0,"k":13,"ix":5},"lc":2,"lj":2,"bm":0,"nm":"Stroke 1","mn":"ADBE Vector Graphic - Stroke","hd":false},{"ty":"tr","p":{"a":0,"k":[0,0],"ix":2},"a":{"a":0,"k":[0,0],"ix":1},"s":{"a":0,"k":[100,100],"ix":3},"r":{"a":0,"k":0,"ix":6},"o":{"a":0,"k":100,"ix":7},"sk":{"a":0,"k":0,"ix":4},"sa":{"a":0,"k":0,"ix":5},"nm":"Transform"}],"nm":"Shape 1","np":3,"cix":2,"bm":0,"ix":1,"mn":"ADBE Vector Group","hd":false}],"ip":0,"op":3600,"st":0,"bm":0},{"ddd":0,"ind":20,"ty":4,"nm":"ll","td":1,"sr":1,"ks":{"o":{"a":0,"k":100,"ix":11},"r":{"a":0,"k":0,"ix":10},"p":{"a":0,"k":[111.554,35.721,0],"ix":2},"a":{"a":0,"k":[23.72,29.939,0],"ix":1},"s":{"a":0,"k":[100,100,100],"ix":6}},"ao":0,"shapes":[{"ty":"gr","it":[{"ind":0,"ty":"sh","ix":1,"ks":{"a":0,"k":{"i":[[0,2.813],[1.555,0],[0.445,-3.924],[0,0]],"o":[[0,-1.999],[-0.814,0],[-0.296,2.739],[3.923,-5.182]],"v":[[15.548,-16.954],[13.03,-21.544],[11.327,-17.251],[9.773,-3.851]],"c":true},"ix":2},"nm":"Path 1","mn":"ADBE Vector Shape - Group","hd":false},{"ind":1,"ty":"sh","ix":2,"ks":{"a":0,"k":{"i":[[0,-1.852],[-0.666,0],[-3.85,5.996],[0,-1.481],[7.477,0],[0,3.849],[0,0],[4.442,0],[0,3.702],[-0.591,3.11],[-0.666,5.034],[-5.85,0],[0,-3.776],[5.553,-10.439],[0,-1.85],[-0.667,0],[-3.553,4.96],[-0.666,5.182],[-5.627,0],[0,-6.737],[8.145,-9.107]],"o":[[0,0.813],[2.296,0],[1.407,0],[0,5.627],[-4.294,0],[0,0],[-4.145,4.887],[-3.554,0],[0,-4.961],[0.889,-4.812],[1.333,-9.995],[3.184,0],[0,3.257],[-1.999,7.182],[0,0.815],[1.629,0],[1.851,-9.847],[1.777,-13.771],[5.848,0],[0,6.293],[-1.036,5.997]],"v":[[7.182,18.065],[8.218,19.175],[18.509,8.958],[21.322,11.475],[1.925,28.727],[-3.554,22.136],[-3.554,21.247],[-17.62,29.688],[-23.47,23.988],[-20.508,7.329],[-18.139,-7.256],[-5.7,-23.247],[-0.518,-17.99],[-7.552,-0.667],[-12.29,18.656],[-11.253,19.768],[-2.295,12.067],[1.555,-11.476],[13.105,-29.688],[23.47,-19.027],[8.662,6.145]],"c":true},"ix":2},"nm":"Path 2","mn":"ADBE Vector Shape - Group","hd":false},{"ty":"mm","mm":1,"nm":"Merge Paths 1","mn":"ADBE Vector Filter - Merge","hd":false},{"ty":"fl","c":{"a":0,"k":[1,1,1,1],"ix":4},"o":{"a":0,"k":100,"ix":5},"r":1,"bm":0,"nm":"Fill 1","mn":"ADBE Vector Graphic - Fill","hd":false},{"ty":"tr","p":{"a":0,"k":[23.72,29.939],"ix":2},"a":{"a":0,"k":[0,0],"ix":1},"s":{"a":0,"k":[100,100],"ix":3},"r":{"a":0,"k":0,"ix":6},"o":{"a":0,"k":100,"ix":7},"sk":{"a":0,"k":0,"ix":4},"sa":{"a":0,"k":0,"ix":5},"nm":"Transform"}],"nm":"Group 1","np":4,"cix":2,"bm":0,"ix":1,"mn":"ADBE Vector Group","hd":false}],"ip":0,"op":3600,"st":0,"bm":0},{"ddd":0,"ind":21,"ty":4,"nm":"ll outline","tt":1,"sr":1,"ks":{"o":{"a":0,"k":100,"ix":11},"r":{"a":0,"k":0,"ix":10},"p":{"a":0,"k":[106,42,0],"ix":2},"a":{"a":0,"k":[0,0,0],"ix":1},"s":{"a":0,"k":[100,100,100],"ix":6}},"ao":0,"shapes":[{"ty":"gr","it":[{"ind":0,"ty":"sh","ix":1,"ks":{"a":0,"k":{"i":[[0,0],[1.602,-15.419],[-6,5.375],[0.839,9.367],[3.25,-3.5],[-3.75,-1.875],[-2.125,4.375],[0,0]],"o":[[0,0],[-1,9.625],[6,-5.375],[-0.75,-8.375],[-3.25,3.5],[3.75,1.875],[1.417,-2.917],[0,0]],"v":[[0.625,-29.625],[-12.125,11.375],[-1.5,12.75],[25.125,-24.5],[15.875,-31.125],[8.5,18.375],[22.375,10],[24.875,3.625]],"c":false},"ix":2},"nm":"Path 1","mn":"ADBE Vector Shape - Group","hd":false},{"ty":"tm","s":{"a":0,"k":0,"ix":1},"e":{"a":1,"k":[{"i":{"x":[0.833],"y":[0.833]},"o":{"x":[0.167],"y":[0.167]},"n":["0p833_0p833_0p167_0p167"],"t":33,"s":[0],"e":[100]},{"t":52}],"ix":2},"o":{"a":0,"k":0,"ix":3},"m":1,"ix":2,"nm":"Trim Paths 1","mn":"ADBE Vector Filter - Trim","hd":false},{"ty":"st","c":{"a":0,"k":[1,0.894117647059,0.066666666667,1],"ix":3},"o":{"a":0,"k":100,"ix":4},"w":{"a":0,"k":13,"ix":5},"lc":2,"lj":2,"bm":0,"nm":"Stroke 1","mn":"ADBE Vector Graphic - Stroke","hd":false},{"ty":"tr","p":{"a":0,"k":[0,0],"ix":2},"a":{"a":0,"k":[0,0],"ix":1},"s":{"a":0,"k":[100,100],"ix":3},"r":{"a":0,"k":0,"ix":6},"o":{"a":0,"k":100,"ix":7},"sk":{"a":0,"k":0,"ix":4},"sa":{"a":0,"k":0,"ix":5},"nm":"Transform"}],"nm":"Shape 1","np":3,"cix":2,"bm":0,"ix":1,"mn":"ADBE Vector Group","hd":false}],"ip":0,"op":3600,"st":0,"bm":0},{"ddd":0,"ind":22,"ty":4,"nm":"o","td":1,"sr":1,"ks":{"o":{"a":0,"k":100,"ix":11},"r":{"a":0,"k":0,"ix":10},"p":{"a":0,"k":[145.387,46.863,0],"ix":2},"a":{"a":0,"k":[18.389,17.537,0],"ix":1},"s":{"a":0,"k":[100,100,100],"ix":6}},"ao":0,"shapes":[{"ty":"gr","it":[{"ind":0,"ty":"sh","ix":1,"ks":{"a":0,"k":{"i":[[-1.332,0],[-1.333,3.331],[0,1.999],[-1.11,2.146],[0,-6.071]],"o":[[1.777,0],[-0.592,-2.295],[0,-2.517],[-4.59,2.146],[0,3.628]],"v":[[-4.961,8.329],[-0.074,3.295],[-0.889,-3.147],[0.74,-11.734],[-7.626,3.665]],"c":true},"ix":2},"nm":"Path 1","mn":"ADBE Vector Shape - Group","hd":false},{"ind":1,"ty":"sh","ix":2,"ks":{"a":0,"k":{"i":[[0,-3.331],[1.555,-4.072],[-0.741,0],[-2.443,3.924],[0,-1.555],[6.293,0],[0.814,0.518],[5.182,0],[0,7.256],[-7.847,0],[-0.075,-2.443],[-1.184,0]],"o":[[0,3.554],[0.222,0.222],[2.147,0],[1.333,0],[0,3.109],[-1.332,0],[-3.554,4.812],[-5.257,0],[0,-12.29],[1.925,0],[0.74,-0.74],[3.036,0]],"v":[[9.328,-7.737],[7.033,2.776],[8.514,3.295],[15.251,-2.332],[18.139,0.333],[6.885,10.402],[3.924,9.662],[-8.736,17.287],[-18.139,6.404],[-2.148,-17.287],[2.221,-14.03],[4.812,-15.067]],"c":true},"ix":2},"nm":"Path 2","mn":"ADBE Vector Shape - Group","hd":false},{"ty":"mm","mm":1,"nm":"Merge Paths 1","mn":"ADBE Vector Filter - Merge","hd":false},{"ty":"fl","c":{"a":0,"k":[1,1,1,1],"ix":4},"o":{"a":0,"k":100,"ix":5},"r":1,"bm":0,"nm":"Fill 1","mn":"ADBE Vector Graphic - Fill","hd":false},{"ty":"tr","p":{"a":0,"k":[18.389,17.537],"ix":2},"a":{"a":0,"k":[0,0],"ix":1},"s":{"a":0,"k":[100,100],"ix":3},"r":{"a":0,"k":0,"ix":6},"o":{"a":0,"k":100,"ix":7},"sk":{"a":0,"k":0,"ix":4},"sa":{"a":0,"k":0,"ix":5},"nm":"Transform"}],"nm":"Group 1","np":4,"cix":2,"bm":0,"ix":1,"mn":"ADBE Vector Group","hd":false}],"ip":0,"op":3600,"st":0,"bm":0},{"ddd":0,"ind":23,"ty":4,"nm":"o outline","tt":1,"sr":1,"ks":{"o":{"a":0,"k":100,"ix":11},"r":{"a":0,"k":0,"ix":10},"p":{"a":0,"k":[106,42,0],"ix":2},"a":{"a":0,"k":[0,0,0],"ix":1},"s":{"a":0,"k":[100,100,100],"ix":6}},"ao":0,"shapes":[{"ty":"gr","it":[{"ind":0,"ty":"sh","ix":1,"ks":{"a":0,"k":{"i":[[0,0],[-7.042,-10.432],[0,6.25],[1.125,-0.625],[-5.125,0.375],[-0.625,2.125]],"o":[[0,0],[6.75,10],[0,-6.25],[-1.125,0.625],[5.125,-0.375],[0.625,-2.125]],"v":[[36.125,-9],[27.625,15],[43.875,0.25],[42.5,-7],[45.5,13.125],[56,5.625]],"c":false},"ix":2},"nm":"Path 1","mn":"ADBE Vector Shape - Group","hd":false},{"ty":"tm","s":{"a":0,"k":0,"ix":1},"e":{"a":1,"k":[{"i":{"x":[0.833],"y":[0.833]},"o":{"x":[0.167],"y":[0.167]},"n":["0p833_0p833_0p167_0p167"],"t":52,"s":[0],"e":[100]},{"t":64}],"ix":2},"o":{"a":0,"k":0,"ix":3},"m":1,"ix":2,"nm":"Trim Paths 1","mn":"ADBE Vector Filter - Trim","hd":false},{"ty":"st","c":{"a":0,"k":[1,0.894117647059,0.066666666667,1],"ix":3},"o":{"a":0,"k":100,"ix":4},"w":{"a":0,"k":13,"ix":5},"lc":2,"lj":2,"bm":0,"nm":"Stroke 1","mn":"ADBE Vector Graphic - Stroke","hd":false},{"ty":"tr","p":{"a":0,"k":[0,0],"ix":2},"a":{"a":0,"k":[0,0],"ix":1},"s":{"a":0,"k":[100,100],"ix":3},"r":{"a":0,"k":0,"ix":6},"o":{"a":0,"k":100,"ix":7},"sk":{"a":0,"k":0,"ix":4},"sa":{"a":0,"k":0,"ix":5},"nm":"Transform"}],"nm":"Shape 1","np":3,"cix":2,"bm":0,"ix":1,"mn":"ADBE Vector Group","hd":false}],"ip":0,"op":3600,"st":0,"bm":0},{"ddd":0,"ind":24,"ty":4,"nm":"w","td":1,"sr":1,"ks":{"o":{"a":0,"k":100,"ix":11},"r":{"a":0,"k":0,"ix":10},"p":{"a":0,"k":[179.219,45.42,0],"ix":2},"a":{"a":0,"k":[22.165,19.647,0],"ix":1},"s":{"a":0,"k":[100,100,100],"ix":6}},"ao":0,"shapes":[{"ty":"gr","it":[{"ind":0,"ty":"sh","ix":1,"ks":{"a":0,"k":{"i":[[0,1.333],[-5.848,0],[0,-2.517],[0.074,-0.37],[0,-5.331],[-1.184,0],[-1.184,1.036],[0,1.11],[-4.293,0],[0,-3.184],[4.146,-5.33],[-1.037,0],[0,5.997],[0.074,1.556],[-1.703,0],[0,-3.035],[10.439,0],[1.259,3.479],[3.479,0],[0,6.663],[-3.628,5.256]],"o":[[0.074,-4.59],[3.924,0],[0,0.37],[-4.812,5.035],[0,2.295],[0.741,0],[-0.074,-0.519],[0,-8.737],[3.777,0],[0,3.331],[0.148,1.999],[4.071,0],[0,-1.777],[0.666,-1.11],[4.738,0],[0,13.178],[-2.888,0],[-2.739,2.592],[-5.183,0],[0,-5.849],[-1.407,-1.185]],"v":[[-17.62,-10.366],[-6.22,-19.398],[-0.814,-14.882],[-0.889,-13.771],[-10.439,6.292],[-8.515,9.402],[-4.961,8.217],[-5.035,5.479],[4.442,-12.734],[9.625,-7.107],[3.776,7.699],[5.85,10.66],[12.364,-7.626],[11.994,-13.402],[15.77,-15.251],[21.915,-7.848],[2.962,19.398],[-3.332,14.436],[-13.104,18.878],[-21.915,9.477],[-15.992,-6.219]],"c":true},"ix":2},"nm":"Path 1","mn":"ADBE Vector Shape - Group","hd":false},{"ty":"fl","c":{"a":0,"k":[1,1,1,1],"ix":4},"o":{"a":0,"k":100,"ix":5},"r":1,"bm":0,"nm":"Fill 1","mn":"ADBE Vector Graphic - Fill","hd":false},{"ty":"tr","p":{"a":0,"k":[22.164,19.647],"ix":2},"a":{"a":0,"k":[0,0],"ix":1},"s":{"a":0,"k":[100,100],"ix":3},"r":{"a":0,"k":0,"ix":6},"o":{"a":0,"k":100,"ix":7},"sk":{"a":0,"k":0,"ix":4},"sa":{"a":0,"k":0,"ix":5},"nm":"Transform"}],"nm":"Group 1","np":2,"cix":2,"bm":0,"ix":1,"mn":"ADBE Vector Group","hd":false}],"ip":0,"op":3600,"st":0,"bm":0},{"ddd":0,"ind":25,"ty":4,"nm":"w outline","tt":1,"sr":1,"ks":{"o":{"a":0,"k":100,"ix":11},"r":{"a":0,"k":0,"ix":10},"p":{"a":0,"k":[106,42,0],"ix":2},"a":{"a":0,"k":[0,0,0],"ix":1},"s":{"a":0,"k":[100,100,100],"ix":6}},"ao":0,"shapes":[{"ty":"gr","it":[{"ind":0,"ty":"sh","ix":1,"ks":{"a":0,"k":{"i":[[0,0],[0,0],[-6.25,-4.125],[-2.125,7.125],[1.216,-0.474],[-5.75,-2.25],[-0.105,7.134],[0,0]],"o":[[0,0],[0,0],[6.159,4.065],[2.125,-7.125],[-5.125,2],[5.75,2.25],[0.125,-8.5],[0,0]],"v":[[58.25,-7],[67.625,-12.75],[58.125,16.75],[78,1.5],[77.75,-6.875],[76.125,18.25],[90.625,1.5],[89,-11]],"c":false},"ix":2},"nm":"Path 1","mn":"ADBE Vector Shape - Group","hd":false},{"ty":"tm","s":{"a":0,"k":0,"ix":1},"e":{"a":1,"k":[{"i":{"x":[0.16],"y":[1]},"o":{"x":[0.61],"y":[0]},"n":["0p16_1_0p61_0"],"t":62,"s":[0],"e":[100]},{"t":96}],"ix":2},"o":{"a":0,"k":0,"ix":3},"m":1,"ix":2,"nm":"Trim Paths 1","mn":"ADBE Vector Filter - Trim","hd":false},{"ty":"st","c":{"a":0,"k":[1,0.894117647059,0.066666666667,1],"ix":3},"o":{"a":0,"k":100,"ix":4},"w":{"a":0,"k":13,"ix":5},"lc":2,"lj":2,"bm":0,"nm":"Stroke 1","mn":"ADBE Vector Graphic - Stroke","hd":false},{"ty":"tr","p":{"a":0,"k":[0,0],"ix":2},"a":{"a":0,"k":[0,0],"ix":1},"s":{"a":0,"k":[100,100],"ix":3},"r":{"a":0,"k":0,"ix":6},"o":{"a":0,"k":100,"ix":7},"sk":{"a":0,"k":0,"ix":4},"sa":{"a":0,"k":0,"ix":5},"nm":"Transform"}],"nm":"Shape 1","np":3,"cix":2,"bm":0,"ix":1,"mn":"ADBE Vector Group","hd":false}],"ip":0,"op":3600,"st":0,"bm":0}],"markers":[]}